id,web_name,full_name,position,team,now_cost,roll_minutes,roll_total_points,roll_ict_index,roll_threat,roll_creativity,roll_influence,roll_bps,roll_expected_goal_involvements,roll_expected_goals_conceded,roll_starts,roll_goals_scored,roll_assists,roll_clean_sheets,roll_goals_conceded,roll_bonus,roll_defensive_contribution,roll_tackles,roll_clearances_blocks_interceptions,roll_recoveries,games_played_so_far,ep_next,ep_this,total_points,points_per_game,form,status,chance_of_playing_next_round,chance_of_playing_this_round,selected_by_percent,news,matched_last_season
1,Raya,David Raya Martín,GK,1,60,72.0,6.2,1.2,0.0,0.02,12.08,20.4,0.002,0.5419999999999999,0.8,0.0,0.0,0.8,0.0,1.0,0.0,0.0,1.0,5.4,38.0,4.0,,162,4.4,0.0,a,,,30.7,,True
2,Arrizabalaga,Kepa Arrizabalaga Revuelta,GK,1,50,18.0,0.4,0.4,0.0,0.0,3.96,2.2,0.0,0.196,0.2,0.0,0.0,0.0,0.2,0.0,0.0,0.0,0.6,1.6,38.0,2.6,,2,2.0,0.0,a,,,0.2,,True
3,Meslier,Illan Meslier,GK,1,50,0.0,0.0,0.0,0.0,0.0,0.0,0.0,0.0,0.0,0.0,0.0,0.0,0.0,0.0,0.0,0.0,0.0,0.0,0.0,38.0,2.6,,0,0.0,0.0,a,,,0.1,,True
4,Gabriel,Gabriel dos Santos Magalhães,DEF,1,80,81.0,6.4,3.84,14.6,3.8599999999999994,19.72,23.4,0.20400000000000001,0.728,0.8,0.0,0.0,0.8,0.2,1.0,7.6,0.8,6.8,2.0,38.0,4.0,,209,6.5,0.0,a,,,25.9,,True
5,J.Timber,Jurriën Timber,DEF,1,65,0.0,0.0,0.0,0.0,0.0,0.0,0.0,0.0,0.0,0.0,0.0,0.0,0.0,0.0,0.0,0.0,0.0,0.0,0.0,38.0,0.0,,149,5.0,0.0,i,0.0,,0.5,Groin injury - Expected back 21 Aug,True
6,Saliba,William Saliba,DEF,1,60,72.0,5.2,2.48,2.8,6.26,15.719999999999999,21.6,0.098,0.542,0.8,0.0,0.0,0.8,0.0,0.6,5.4,0.6,4.8,2.6,38.0,0.0,,137,4.4,0.0,i,0.0,,0.5,Back injury - Unknown return date,True
7,Lewis-Skelly,Myles Lewis-Skelly,MID,1,55,59.2,3.2,1.1800000000000002,0.8,5.359999999999999,5.6,13.8,0.024,0.5120000000000001,0.6,0.0,0.0,0.4,0.2,0.0,1.2,0.4,0.8,2.6,38.0,2.0,,29,1.4,0.0,a,,,0.3,,True
8,Calafiori,Riccardo Calafiori,DEF,1,55,50.2,3.2,3.14,12.8,10.879999999999999,7.719999999999999,10.0,0.142,0.152,0.8,0.0,0.0,0.4,0.0,0.4,1.4,0.2,1.2,1.8,38.0,2.5,,109,4.2,0.0,a,,,15.3,,True
9,Hincapie,Piero Hincapié,DEF,1,55,39.6,2.4,1.56,2.6,3.1,9.72,9.2,0.06,0.396,0.4,0.0,0.0,0.2,0.2,0.2,4.2,1.2,3.0,1.4,38.0,2.5,,87,3.5,0.0,a,,,4.4,,True
10,White,Benjamin White,DEF,1,55,39.8,2.6,1.06,1.2,5.000000000000001,4.319999999999999,10.6,0.036000000000000004,0.274,0.6,0.0,0.0,0.4,0.0,0.0,1.4,0.0,1.4,1.4,38.0,2.5,,45,3.8,0.0,a,100.0,,0.2,,True
11,Mosquera,Cristhian Mosquera,DEF,1,55,46.4,2.2,1.9,1.2,7.1,10.52,7.4,0.024,0.43599999999999994,0.4,0.0,0.0,0.2,0.2,0.0,3.6,1.2,2.4,1.4,38.0,2.5,,40,2.0,0.0,a,,,16.9,,True
12,Saka,Bukayo Saka,MID,1,95,44.6,4.8,5.54,13.2,24.34,17.64,14.6,0.39799999999999996,0.242,0.6,0.2,0.4,0.4,0.0,0.8,4.2,1.0,0.8,2.4,38.0,3.2,,157,5.1,0.0,a,,,10.6,,True
13,Rice,Declan Rice,MID,1,75,66.6,3.0,2.5,2.4,10.78,11.84,11.2,0.098,0.508,0.8,0.0,0.0,0.8,0.0,0.0,8.2,1.4,3.4,3.4,38.0,2.6,,184,5.1,0.0,a,,,22.3,,True
14,Eze,Eberechi Eze,MID,1,65,56.4,3.2,3.44,16.2,8.66,9.64,13.8,0.274,0.41200000000000003,0.8,0.2,0.0,0.6,0.2,0.0,2.6,0.2,0.2,2.2,38.0,2.3,,113,3.4,0.0,a,,,3.3,,True
15,Ødegaard,Martin Ødegaard,MID,1,65,40.6,2.0,2.88,4.4,15.38,8.799999999999997,8.2,0.12600000000000003,0.39,0.4,0.0,0.2,0.4,0.0,0.0,2.6,0.4,0.0,2.2,38.0,2.3,,74,3.1,0.0,a,,,3.0,,True
16,Madueke,Noni Madueke,MID,1,65,43.6,3.2,4.3,16.8,15.179999999999996,11.079999999999998,11.8,0.184,0.348,0.4,0.2,0.0,0.4,0.0,0.6,2.4,0.0,0.6,1.8,38.0,2.3,,72,2.8,0.0,a,,,0.4,,True
17,Merino,Mikel Merino Zazón,MID,1,60,5.6,0.2,0.2,1.4,0.9599999999999985,0.0,-0.4,0.074,0.15400000000000003,0.0,0.0,0.0,0.0,0.2,0.0,0.4,0.0,0.0,0.4,38.0,2.1,,67,3.0,0.0,a,,,1.2,,True
18,Martinelli,Gabriel Martinelli Silva,MID,1,65,25.6,1.6,2.6,10.6,8.74,6.8,6.4,0.1,0.324,0.2,0.0,0.2,0.0,0.2,0.4,1.8,0.2,0.0,1.6,38.0,2.3,,57,1.9,0.0,a,,,0.3,,True
19,Zubimendi,Martín Zubimendi Ibáñez,MID,1,55,47.2,2.0,1.86,1.8,8.8,7.840000000000001,9.6,0.028000000000000004,0.496,0.4,0.0,0.0,0.2,0.2,0.0,5.6,1.4,1.8,2.4,38.0,2.0,,133,3.5,0.0,a,,,1.5,,True
20,Dowman,Max Dowman,MID,1,55,14.6,0.8,0.58,1.6,3.4200000000000004,0.8,1.6,0.048,0.041999999999999996,0.2,0.0,0.0,0.2,0.0,0.0,1.8,0.0,0.2,1.6,38.0,2.0,,16,2.7,0.0,a,,,0.2,,True
21,Nørgaard,Christian Nørgaard,MID,1,50,9.0,0.2,0.32,0.6,1.02,1.52,1.8,0.014000000000000002,0.01,0.2,0.0,0.0,0.0,0.0,0.0,1.0,0.6,0.4,0.0,38.0,1.5,,7,1.0,0.0,a,,,0.3,,True
22,Nwaneri,Ethan Nwaneri,MID,1,55,0.0,0.0,0.0,0.0,0.0,0.0,0.0,0.0,0.0,0.0,0.0,0.0,0.0,0.0,0.0,0.0,0.0,0.0,0.0,38.0,2.0,,8,1.3,0.0,a,,,0.0,,True
23,Fábio Vieira,Fábio Ferreira Vieira,MID,1,55,0.0,0.0,0.0,0.0,0.0,0.0,0.0,0.0,0.0,0.0,0.0,0.0,0.0,0.0,0.0,0.0,0.0,0.0,0.0,38.0,2.0,,0,0.0,0.0,a,,,0.0,,True
24,Nelson,Reiss Nelson,MID,1,55,3.6,1.0,0.8,0.8,2.96,4.119999999999999,3.2,0.004,0.202,0.0,0.0,0.2,0.0,0.0,0.0,0.2,0.2,0.0,0.0,38.0,2.0,,13,1.3,0.0,a,,,0.0,,True
25,Gyökeres,Viktor Gyökeres,FWD,1,75,46.6,4.2,5.42,22.8,11.459999999999999,19.92,16.6,0.43600000000000005,0.554,0.4,0.4,0.2,0.4,0.2,0.6,2.4,0.2,0.6,1.6,38.0,2.3,,128,3.6,0.0,a,,,13.0,,True
26,Havertz,Kai Havertz,FWD,1,75,34.6,3.4,4.859999999999999,15.6,16.72,16.2,14.0,0.266,0.442,0.4,0.2,0.4,0.2,0.2,0.6,1.6,0.6,0.6,0.4,38.0,2.3,,36,3.0,0.0,a,,,4.0,,True
27,G.Jesus,Gabriel Fernando de Jesus,FWD,1,60,20.0,1.2,2.12,10.6,3.5799999999999996,6.959999999999999,3.8,0.182,0.08,0.2,0.2,0.0,0.2,0.0,0.0,0.8,0.0,0.6,0.2,38.0,2.0,,24,1.7,0.0,a,,,0.4,,True
557,Tzolis,Christos Tzolis,MID,1,65,47.87407407407407,2.548148148148148,3.3574074074074076,10.411111111111111,12.292592592592591,10.88888888888889,9.829629629629629,0.18355555555555558,0.7384814814814815,0.5333333333333333,0.12222222222222223,0.1,0.13703703703703704,0.7444444444444445,0.24074074074074073,3.6555555555555554,0.7481481481481481,0.8851851851851852,2.0407407407407407,0.0,2.3,,0,0.0,0.0,a,,,1.7,,False
28,Martinez,Emiliano Martínez Romero,GK,2,50,72.0,2.6,2.68,0.0,2.0,24.880000000000003,13.6,0.002,1.078,0.8,0.0,0.2,0.0,1.4,0.2,0.0,0.0,0.2,7.2,38.0,2.6,,120,3.8,0.0,a,,,4.6,,True
29,M.Bizot,Marco Bizot,GK,2,45,18.0,0.4,0.42000000000000004,0.0,0.0,4.2,2.0,0.0,0.268,0.2,0.0,0.0,0.0,0.2,0.0,0.0,0.0,0.6,0.6,38.0,1.9,,16,2.3,0.0,a,,,0.1,,True
30,Digne,Lucas Digne,DEF,2,45,39.2,1.4,1.44,1.0,6.56,6.8,4.2,0.050000000000000024,0.5559999999999999,0.4,0.0,0.2,0.0,0.6,0.0,2.2,0.6,1.6,0.6,38.0,1.7,,97,3.1,0.0,a,,,1.4,,True
31,Konsa,Ezri Konsa Ngoyo,DEF,2,45,54.0,0.8,1.1,0.4,0.7000000000000001,9.679999999999998,6.4,0.005999999999999978,0.8800000000000001,0.6,0.0,0.0,0.0,1.0,0.0,3.0,0.2,2.8,2.4,38.0,1.7,,100,2.9,0.0,a,,,17.4,,True
32,Cash,Matty Cash,DEF,2,45,78.8,1.8,3.5200000000000005,1.6,16.619999999999997,17.0,9.2,0.04600000000000003,1.076,0.8,0.0,0.2,0.0,1.4,0.2,4.8,2.6,2.2,1.6,38.0,1.7,,117,3.3,0.0,a,,,7.8,,True
33,Mings,Tyrone Mings,DEF,2,45,54.0,1.0,1.3599999999999999,1.8,1.6000000000000003,10.319999999999999,3.4,0.04999999999999999,0.8240000000000001,0.6,0.0,0.0,0.0,1.0,0.0,4.2,0.2,4.0,2.8,38.0,1.7,,50,2.9,0.0,a,,,0.2,,True
34,Pau,Pau Torres,DEF,2,45,39.4,1.2,1.3800000000000001,4.8,1.0,7.92,3.8,0.14400000000000002,0.5479999999999999,0.4,0.0,0.2,0.0,0.6,0.0,2.2,0.4,1.8,1.0,38.0,1.7,,64,3.0,0.0,a,,,0.2,,True
35,Bogarde,Lamare Bogarde,MID,2,50,49.0,1.2,0.6,0.0,1.08,4.8,2.8,0.002,0.678,0.6,0.0,0.0,0.0,0.8,0.0,2.4,1.2,1.2,2.0,38.0,1.5,,40,1.4,0.0,a,,,0.1,,True
36,Maatsen,Ian Maatsen,DEF,2,45,51.6,1.6,2.38,4.0,9.459999999999999,10.319999999999999,3.6,0.042,0.8459999999999999,0.6,0.0,0.0,0.0,1.2,0.2,5.0,1.4,3.6,1.6,38.0,1.7,,54,1.8,0.0,a,,,0.6,,True
37,Lindelöf,Victor Lindelöf,DEF,2,45,56.0,1.0,0.9,0.0,1.5399999999999998,7.56,5.0,0.006,0.8059999999999998,0.8,0.0,0.0,0.0,1.0,0.0,3.2,0.4,2.8,1.0,38.0,1.7,,29,1.7,0.0,a,,,0.2,,True
38,A.García,Andrés García,DEF,2,40,9.0,0.2,0.33999999999999997,0.4,0.1,2.92,1.0,0.0,0.238,0.2,0.0,0.0,0.0,0.2,0.0,1.8,0.8,1.0,0.4,38.0,1.0,,5,0.8,0.0,a,,,1.5,,True
39,Nedeljkovic,Kosta Nedeljkovic,DEF,2,40,30.31111111111111,1.1901234567901235,1.1790123456790123,1.9753086419753085,3.4790123456790125,6.311111111111111,4.567901234567901,0.03967901234567901,0.48980246913580244,0.34074074074074073,0.019753086419753086,0.029629629629629627,0.07407407407407407,0.471604938271605,0.07407407407407407,2.180246913580247,0.6222222222222222,1.5382716049382716,1.1876543209876544,0.0,1.0,,0,0.0,0.0,a,,,0.4,,False
41,Buendía,Emiliano Buendía Stati,MID,2,60,53.6,3.4,4.42,14.8,13.520000000000005,15.880000000000004,16.6,0.11400000000000002,0.736,0.6,0.2,0.0,0.0,0.6,0.4,6.8,2.2,1.8,2.8,38.0,2.1,,102,2.8,0.0,a,,,0.8,,True
42,Guessand,Evann Guessand,MID,2,55,5.8,0.4,0.1600000000000002,0.8,0.16,0.5199999999999985,1.2,0.02,0.348,0.0,0.0,0.0,0.0,0.0,0.0,0.4,0.0,0.2,0.2,38.0,2.0,,44,2.1,0.0,a,,,0.0,,True
44,Bailey,Leon Bailey,MID,2,55,23.2,1.6,1.28,2.0,7.5200000000000005,3.2400000000000007,5.4,0.088,0.332,0.2,0.0,0.2,0.0,0.2,0.0,3.0,0.6,0.8,1.6,38.0,2.0,,21,1.6,0.0,a,,,0.1,,True
45,McGinn,John McGinn,MID,2,55,50.0,2.8,5.32,14.8,22.0,16.200000000000003,14.6,0.20800000000000002,0.7819999999999999,0.6,0.2,0.2,0.0,0.8,0.0,2.6,0.4,0.2,2.0,38.0,2.0,,103,3.4,0.0,a,,,2.7,,True
46,Barkley,Ross Barkley,MID,2,50,61.8,3.4,3.4199999999999995,12.0,9.44,12.919999999999998,10.6,0.184,1.0559999999999998,0.6,0.2,0.2,0.0,1.4,0.4,3.6,0.8,0.2,2.6,38.0,1.5,,56,2.7,0.0,a,,,0.2,,True
47,Kamara,Boubacar Kamara,MID,2,50,0.0,0.0,0.0,0.0,0.0,0.0,0.0,0.0,0.0,0.0,0.0,0.0,0.0,0.0,0.0,0.0,0.0,0.0,0.0,38.0,1.1,,61,3.4,0.0,d,75.0,,0.1,Knee injury - 75% chance of playing,True
48,Onana,Amadou Onana,MID,2,50,3.4,0.2,0.1,0.0,0.3,0.7199999999999986,1.0,0.0,0.026000000000000002,0.0,0.0,0.0,0.0,0.0,0.0,0.4,0.2,0.2,0.0,38.0,0.0,,76,3.0,0.0,i,0.0,,0.0,Knee injury - Unknown return date,True
49,Iling Jr,Samuel Iling-Junior,MID,2,50,0.0,0.0,0.0,0.0,0.0,0.0,0.0,0.0,0.0,0.0,0.0,0.0,0.0,0.0,0.0,0.0,0.0,0.0,0.0,38.0,1.5,,0,0.0,0.0,a,,,0.0,,True
50,Burrowes,Bradley Burrowes,MID,2,45,0.0,0.0,0.0,0.0,0.0,0.0,0.0,0.0,0.0,0.0,0.0,0.0,0.0,0.0,0.0,0.0,0.0,0.0,0.0,38.0,1.0,,1,1.0,0.0,a,,,0.9,,True
51,George Hemmings,George Hemmings,MID,2,45,0.0,0.0,0.0,0.0,0.0,0.0,0.0,0.0,0.0,0.0,0.0,0.0,0.0,0.0,0.0,0.0,0.0,0.0,0.0,38.0,1.0,,2,1.0,0.0,a,,,0.3,,True
52,Alysson,Alysson Edward Franco da Rocha dos Santos,MID,2,50,0.0,0.0,0.0,0.0,0.0,0.0,0.0,0.0,0.0,0.0,0.0,0.0,0.0,0.0,0.0,0.0,0.0,0.0,0.0,38.0,1.5,,3,1.0,0.0,a,,,0.0,,True
53,Manzambi,Johan Manzambi,MID,2,60,47.87407407407407,2.548148148148148,3.3574074074074076,10.411111111111111,12.292592592592591,10.88888888888889,9.829629629629629,0.18355555555555558,0.7384814814814815,0.5333333333333333,0.12222222222222223,0.1,0.13703703703703704,0.7444444444444445,0.24074074074074073,3.6555555555555554,0.7481481481481481,0.8851851851851852,2.0407407407407407,0.0,2.1,,0,0.0,0.0,a,,,2.5,,False
54,Gomes,Joao Gomes,MID,2,55,29.446280991735538,1.3173553719008264,1.4985123966942149,3.4991735537190083,6.0142148760330585,5.479338842975206,5.80495867768595,0.06743801652892562,0.49214876033057847,0.3256198347107438,0.021487603305785124,0.05619834710743802,0.0628099173553719,0.4859504132231405,0.07603305785123966,2.9950413223140493,0.6347107438016528,0.8396694214876033,1.6082644628099174,0.0,2.0,,85,3.0,0.0,a,,,0.3,,False
55,Watkins,Ollie Watkins,FWD,2,80,75.8,8.0,10.179999999999998,53.0,8.28,40.4,33.0,0.674,1.1199999999999999,0.8,1.0,0.2,0.0,1.2,1.8,1.4,0.2,0.6,0.6,38.0,2.5,,167,4.5,0.0,a,,,12.4,,True
56,Abraham,Tammy Abraham,FWD,2,55,13.8,0.4,0.10000000000000017,0.8,0.26,0.04,0.4,0.057999999999999996,0.22599999999999998,0.2,0.0,0.0,0.0,0.4,0.0,0.4,0.0,0.2,0.2,38.0,0.0,,23,1.9,0.0,i,0.0,,0.0,Shoulder injury - Expected back 23 Aug,True
160,Garnacho,Alejandro Garnacho Ferreyra,MID,2,60,9.2,0.4,0.6399999999999999,3.4,2.2600000000000002,0.8,0.4,0.04,0.18,0.0,0.0,0.0,0.0,0.4,0.0,0.6,0.4,0.0,0.2,38.0,2.1,,56,2.3,0.0,a,,,1.1,,True
57,Petrović,Đorđe Petrović,GK,3,45,90.0,3.8,1.8399999999999999,0.0,0.0,18.4,16.2,0.0,1.29,1.0,0.0,0.0,0.4,0.8,0.0,0.0,0.0,0.4,7.2,38.0,1.9,,124,3.3,0.0,a,,,3.6,,True
58,Forster,Fraser Forster,GK,3,40,0.0,0.0,0.0,0.0,0.0,0.0,0.0,0.0,0.0,0.0,0.0,0.0,0.0,0.0,0.0,0.0,0.0,0.0,0.0,38.0,1.0,,0,0.0,0.0,a,,,3.1,,True
59,Dennis,Will Dennis,GK,3,40,0.0,0.0,0.0,0.0,0.0,0.0,0.0,0.0,0.0,0.0,0.0,0.0,0.0,0.0,0.0,0.0,0.0,0.0,0.0,38.0,1.0,,0,0.0,0.0,a,,,0.2,,True
60,Hill,James Hill,DEF,3,55,90.0,4.2,3.1399999999999997,2.8,8.78,19.72,14.6,0.054000000000000006,1.29,1.0,0.0,0.0,0.4,0.8,0.4,10.2,1.6,8.6,3.6,38.0,2.5,,110,3.8,0.0,a,,,1.3,,True
61,Truffert,Adrien Truffert,DEF,3,55,90.0,5.8,6.4799999999999995,9.6,26.300000000000004,28.8,24.8,0.20600000000000002,1.29,1.0,0.0,0.4,0.4,0.8,1.0,6.6,3.2,3.4,4.6,38.0,2.5,,165,4.3,0.0,a,,,4.6,,True
62,Diakité,Bafodé Diakité,DEF,3,50,0.0,0.0,0.0,0.0,0.0,0.0,0.0,0.0,0.0,0.0,0.0,0.0,0.0,0.0,0.0,0.0,0.0,0.0,0.0,38.0,2.2,,46,2.6,0.0,a,,,0.2,,True
63,Milosavljević,Veljko Milosavljevic,DEF,3,50,0.0,0.0,0.0,0.0,0.0,0.0,0.0,0.0,0.0,0.0,0.0,0.0,0.0,0.0,0.0,0.0,0.0,0.0,0.0,38.0,2.2,,19,2.7,0.0,a,,,0.1,,True
64,Smith,Adam Smith,DEF,3,45,53.6,3.8,1.46,0.0,3.4599999999999995,11.08,12.4,0.006,0.8440000000000001,0.6,0.0,0.2,0.4,0.2,0.4,3.4,0.6,2.8,1.4,38.0,1.7,,58,2.6,0.0,a,,,0.1,,True
65,J.Araujo,Julián Araujo Zúñiga,DEF,3,45,0.0,0.0,0.0,0.0,0.0,0.0,0.0,0.0,0.0,0.0,0.0,0.0,0.0,0.0,0.0,0.0,0.0,0.0,0.0,38.0,1.7,,0,0.0,0.0,a,,,0.1,,True
66,Soler,Julio Soler Barreto,DEF,3,40,0.0,0.0,0.0,0.0,0.0,0.0,0.0,0.0,0.0,0.0,0.0,0.0,0.0,0.0,0.0,0.0,0.0,0.0,0.0,38.0,1.0,,3,1.0,0.0,a,,,0.6,,True
67,Rayan,Rayan Vitor Simplício Rocha,MID,3,65,68.2,5.6,5.72,25.6,7.7,23.8,17.8,0.326,0.8560000000000001,0.8,0.6,0.0,0.6,0.6,0.2,6.4,0.6,3.0,2.8,38.0,2.3,,67,4.5,0.0,a,,,3.4,,True
68,Tavernier,Marcus Tavernier,MID,3,60,86.4,3.8,7.74,19.4,37.62,20.520000000000003,20.0,0.31000000000000016,1.042,1.0,0.2,0.0,0.4,0.6,0.6,7.0,1.0,1.4,4.6,38.0,2.1,,137,4.0,0.0,a,,,1.9,,True
69,Scott,Alex Scott,MID,3,60,72.0,3.0,3.4800000000000004,3.8,18.779999999999994,12.120000000000001,13.4,0.126,0.876,0.8,0.0,0.0,0.4,0.6,0.0,11.0,1.4,3.2,6.4,38.0,2.1,,136,3.7,0.0,a,,,1.6,,True
70,Kluivert,Justin Kluivert,MID,3,60,6.2,0.2,0.2,1.4,0.2,0.27999999999999997,0.0,0.016,0.23600000000000004,0.0,0.0,0.0,0.0,0.2,0.0,0.6,0.0,0.2,0.4,38.0,2.1,,41,2.0,0.0,a,,,0.9,,True
71,Cook,Lewis Cook,MID,3,50,0.4,0.4,0.04,0.0,0.09999999999999858,0.16,1.2,0.0,0.10200000000000001,0.0,0.0,0.0,0.0,0.2,0.0,0.0,0.0,0.0,0.0,38.0,1.5,,40,2.2,0.0,a,,,0.1,,True
72,Gannon-Doak,Ben Gannon-Doak,MID,3,50,7.4,0.4,0.5800000000000001,4.4,0.58,0.8,1.4,0.04,0.246,0.0,0.0,0.0,0.0,0.0,0.0,0.8,0.2,0.0,0.6,38.0,1.5,,11,1.4,0.0,a,,,0.1,,True
73,Adams,Tyler Adams,MID,3,50,62.4,3.0,2.84,1.0,12.52,14.959999999999999,11.8,0.05600000000000001,0.958,0.6,0.0,0.2,0.2,0.6,0.0,8.8,2.2,3.0,3.6,38.0,1.5,,77,3.1,0.0,a,,,0.7,,True
74,Brooks,David Brooks,MID,3,50,20.6,1.8,2.0599999999999996,6.4,8.88,5.2,4.0,0.22199999999999998,0.352,0.2,0.0,0.2,0.2,0.2,0.0,1.6,0.4,0.2,1.0,38.0,1.5,,59,1.9,0.0,a,,,0.2,,True
75,Christie,Ryan Christie,MID,3,50,26.8,0.2,2.04,11.2,5.58,3.6799999999999997,4.2,0.05,0.332,0.4,0.0,0.0,0.0,0.2,0.0,3.4,0.6,0.6,2.2,38.0,0.0,,47,1.8,0.0,s,0.0,,0.0,Suspended until 29 Aug,True
76,Tóth.A,Alex Tóth,MID,3,50,11.6,0.6,0.82,0.8,5.340000000000001,2.12,3.0,0.026000000000000002,0.34800000000000003,0.2,0.0,0.0,0.0,0.4,0.0,1.4,0.0,0.8,0.6,38.0,1.5,,8,0.9,0.0,a,,,0.0,,True
77,Adli,Amine Adli,MID,3,50,10.0,0.8,0.5600000000000003,1.8,2.6,1.56,1.4,0.016,0.3539999999999999,0.0,0.0,0.0,0.0,0.2,0.0,1.0,0.4,0.2,0.4,38.0,1.5,,67,2.2,0.0,a,,,0.2,,True
78,Kroupi.Jr,Junior Kroupi,MID,3,75,73.2,5.2,5.72,24.4,10.379999999999999,22.96,19.2,0.42799999999999994,0.7819999999999999,1.0,0.6,0.0,0.6,0.4,1.0,3.2,0.2,1.0,2.0,38.0,0.0,,113,3.4,0.0,i,0.0,,6.2,Foot injury - Unknown return date,True
79,Evanilson,Francisco Evanilson de Lima Barbosa,FWD,3,60,74.2,2.2,2.8,12.8,10.86,4.24,8.8,0.29399999999999993,0.8059999999999998,1.0,0.0,0.2,0.4,0.6,0.0,5.0,0.6,2.0,2.4,38.0,2.0,,115,3.2,0.0,a,,,2.0,,True
80,Enes Ünal,Enes Ünal,FWD,3,55,7.8,0.8,1.0,3.6,2.4000000000000004,3.8800000000000003,4.4,0.03199999999999999,0.4,0.0,0.0,0.0,0.0,0.2,0.0,1.6,0.0,1.2,0.4,38.0,1.8,,27,1.2,0.0,a,,,0.2,,True
81,Rodríguez,Álvaro Rodríguez,FWD,3,60,47.03529411764706,2.764705882352941,3.3376470588235296,14.705882352941176,6.995294117647059,11.856470588235295,10.529411764705882,0.25317647058823534,0.687764705882353,0.5764705882352942,0.24705882352941178,0.0823529411764706,0.1647058823529412,0.6470588235294118,0.3058823529411765,2.3529411764705883,0.3647058823529412,0.8117647058823529,1.1764705882352942,0.0,2.0,,0,0.0,0.0,a,,,0.3,,False
566,Silva,António João Pereira de Albuquerque Tavares da Silva,DEF,3,50,48.37931034482759,1.817241379310345,2.026206896551724,4.348275862068966,4.8837931034482756,11.00551724137931,6.6482758620689655,0.06762068965517241,0.7361379310344828,0.5482758620689655,0.013793103448275864,0.027586206896551727,0.11034482758620691,0.7551724137931034,0.07241379310344828,4.279310344827586,0.8724137931034484,3.382758620689655,1.8275862068965518,0.0,2.2,,0,0.0,0.0,a,,,0.0,,False
82,Kelleher,Caoimhín Kelleher,GK,4,50,90.0,4.2,3.62,0.0,0.0,36.2,18.2,0.0,1.986,1.0,0.0,0.0,0.2,1.6,0.6,0.0,0.0,1.4,10.4,38.0,2.6,,143,3.9,0.0,a,,,5.6,,True
83,Valdimarsson,Hákon Rafn Valdimarsson,GK,4,45,0.0,0.0,0.0,0.0,0.0,0.0,0.0,0.0,0.0,0.0,0.0,0.0,0.0,0.0,0.0,0.0,0.0,0.0,0.0,38.0,1.9,,1,1.0,0.0,a,,,0.1,,True
84,Collins,Nathan Collins,DEF,4,55,90.0,3.0,3.2399999999999998,4.2,4.8999999999999995,23.28,11.4,0.098,1.986,1.0,0.0,0.0,0.2,1.6,0.0,9.4,1.2,8.2,4.8,38.0,2.5,,129,3.7,0.0,a,,,2.0,,True
85,Van den Berg,Sepp van den Berg,DEF,4,50,55.6,2.8,2.6999999999999997,9.0,2.7600000000000002,15.4,13.2,0.20800000000000002,1.052,0.6,0.0,0.2,0.2,0.6,0.0,6.0,1.4,4.6,1.4,38.0,2.2,,113,3.5,0.0,a,,,0.7,,True
86,Lewis-Potter,Keane Lewis-Potter,MID,4,55,89.6,3.8,4.279999999999999,18.2,9.66,14.88,13.4,0.16799999999999998,1.786,1.0,0.0,0.4,0.2,1.6,0.4,3.4,0.8,2.6,6.0,38.0,2.0,,115,3.2,0.0,a,,,0.5,,True
87,Ajer,Kristoffer Ajer,DEF,4,45,36.2,1.2,0.96,0.8,0.16,8.64,3.0,0.002,0.938,0.4,0.0,0.0,0.0,1.0,0.0,4.8,0.4,4.4,1.8,38.0,1.7,,76,2.8,0.0,a,,,1.2,,True
88,Kayode,Michael Kayode,DEF,4,45,90.0,1.8,2.44,4.2,7.840000000000003,12.279999999999998,5.4,0.144,1.986,1.0,0.0,0.0,0.2,1.6,0.0,4.0,1.4,2.6,3.4,38.0,1.7,,113,3.1,0.0,a,,,4.1,,True
89,Henry,Rico Henry,DEF,4,45,0.0,0.0,0.0,0.0,0.0,0.0,0.0,0.0,0.0,0.0,0.0,0.0,0.0,0.0,0.0,0.0,0.0,0.0,0.0,38.0,1.7,,52,2.1,0.0,a,,,0.2,,True
90,Hickey,Aaron Hickey,DEF,4,45,18.2,0.8,0.42000000000000004,0.2,0.18,3.7600000000000002,2.2,0.008000000000000005,0.512,0.2,0.0,0.0,0.0,0.2,0.0,1.8,0.6,1.2,0.4,38.0,1.7,,37,1.8,0.0,a,,,0.1,,True
91,Pinnock,Ethan Pinnock,DEF,4,45,0.0,0.0,0.0,0.0,0.0,0.0,0.0,0.0,0.0,0.0,0.0,0.0,0.0,0.0,0.0,0.0,0.0,0.0,0.0,38.0,1.7,,14,3.5,0.0,a,,,0.1,,True
92,Ji-soo,Kim Ji-soo,DEF,4,45,0.0,0.0,0.0,0.0,0.0,0.0,0.0,0.0,0.0,0.0,0.0,0.0,0.0,0.0,0.0,0.0,0.0,0.0,0.0,38.0,1.7,,0,0.0,0.0,a,,,0.0,,True
93,Schuster,Jannik Schuster,DEF,4,45,30.31111111111111,1.1901234567901235,1.1790123456790123,1.9753086419753085,3.4790123456790125,6.311111111111111,4.567901234567901,0.03967901234567901,0.48980246913580244,0.34074074074074073,0.019753086419753086,0.029629629629629627,0.07407407407407407,0.471604938271605,0.07407407407407407,2.180246913580247,0.6222222222222222,1.5382716049382716,1.1876543209876544,0.0,1.7,,0,0.0,0.0,a,,,0.1,,False
94,Schade,Kevin Schade,MID,4,60,71.6,3.0,2.66,17.2,1.24,9.159999999999998,6.2,0.22599999999999992,1.6480000000000001,0.8,0.2,0.0,0.2,1.2,0.0,3.6,1.0,0.8,1.8,38.0,2.1,,125,3.6,0.0,a,,,2.3,,True
95,O.Dango,Dango Ouattara,MID,4,65,76.2,5.0,6.220000000000001,28.8,13.719999999999999,19.72,14.2,0.524,1.6460000000000001,0.8,0.4,0.2,0.2,1.4,0.6,4.8,1.2,2.0,1.6,38.0,2.3,,136,4.2,0.0,a,,,1.3,,True
96,Damsgaard,Mikkel Damsgaard,MID,4,55,69.0,4.0,5.840000000000001,12.8,26.78,18.839999999999996,17.2,0.37,1.3379999999999999,0.8,0.2,0.0,0.2,1.0,0.6,9.0,1.4,2.0,5.6,38.0,2.0,,113,3.4,0.0,a,,,0.7,,True
97,Jensen,Mathias Jensen,MID,4,55,82.8,4.2,4.76,4.2,23.28,20.2,17.2,0.28800000000000003,1.7579999999999998,1.0,0.2,0.0,0.2,1.6,0.2,9.6,1.6,2.8,5.2,38.0,2.0,,98,2.7,0.0,a,,,0.1,,True
98,Janelt,Vitaly Janelt,MID,4,50,36.2,0.8,1.3,1.2,7.640000000000001,4.279999999999999,6.8,0.078,1.28,0.4,0.0,0.0,0.0,1.0,0.0,3.8,0.6,1.0,2.2,38.0,1.5,,74,3.0,0.0,a,,,0.1,,True
99,Milambo,Antoni Milambo,MID,4,50,0.0,0.0,0.0,0.0,0.0,0.0,0.0,0.0,0.0,0.0,0.0,0.0,0.0,0.0,0.0,0.0,0.0,0.0,0.0,38.0,1.1,,1,1.0,0.0,d,75.0,,0.0,Knee injury - 75% chance of playing,True
100,Carvalho,Fábio Freitas Gouveia Carvalho,MID,4,50,0.0,0.0,0.0,0.0,0.0,0.0,0.0,0.0,0.0,0.0,0.0,0.0,0.0,0.0,0.0,0.0,0.0,0.0,0.0,38.0,0.0,,13,2.2,0.0,i,0.0,,0.0,Knee injury - Unknown return date,True
101,Henderson,Jordan Henderson,MID,4,50,19.4,0.2,0.7,0.8,4.46,1.72,2.2,0.012,0.442,0.2,0.0,0.0,0.0,0.4,0.0,1.0,0.2,0.0,0.8,38.0,0.0,,76,2.4,0.0,u,0.0,,0.0,has departed the club as a free agent.,True
102,Yarmoliuk,Yehor Yarmoliuk,MID,4,50,69.2,3.4,2.24,1.4,5.860000000000001,15.040000000000001,14.4,0.027999999999999997,1.298,0.8,0.0,0.2,0.2,1.2,0.2,10.8,2.2,3.6,5.0,38.0,1.5,,104,2.8,0.0,a,,,1.5,,True
103,Dasilva,Josh Dasilva,MID,4,50,0.4,0.4,0.32,0.8,2.2600000000000002,0.08,1.0,0.016,0.01,0.0,0.0,0.0,0.0,0.0,0.0,0.2,0.0,0.0,0.2,38.0,1.5,,2,1.0,0.0,a,,,0.0,,True
105,Anthony,Jaidon Anthony,MID,4,60,87.4,3.6,4.86,19.2,13.780000000000005,15.52,15.6,0.20599999999999996,1.7079999999999997,1.0,0.2,0.2,0.0,1.6,0.0,5.8,1.2,0.8,3.8,38.0,2.1,,0,0.0,0.0,a,,,0.2,,True
106,Thiago,Igor Thiago Nascimento Rodrigues,FWD,4,80,90.0,2.6,5.06,22.8,10.860000000000001,16.999999999999996,7.0,0.31399999999999995,1.986,1.0,0.2,0.0,0.2,1.6,0.0,5.2,1.2,2.8,1.2,38.0,2.5,,181,4.8,0.0,a,,,15.8,,True
107,Furo,Kaye Furo,FWD,4,45,0.2,0.2,0.0,0.0,0.0,0.0,0.4,0.0,0.004,0.0,0.0,0.0,0.0,0.0,0.0,0.0,0.0,0.0,0.0,38.0,1.0,,1,1.0,0.0,a,,,0.9,,True
108,Wilson,Callum Wilson,FWD,4,55,34.8,2.6,3.8599999999999994,20.6,2.6399999999999997,15.4,13.2,0.25799999999999995,0.51,0.2,0.4,0.0,0.0,1.0,0.0,0.8,0.2,0.2,0.4,38.0,1.8,,0,0.0,0.0,a,,,0.4,,True
565,Sangaré,Mamadou Sangaré,MID,4,55,29.446280991735538,1.3173553719008264,1.4985123966942149,3.4991735537190083,6.0142148760330585,5.479338842975206,5.80495867768595,0.06743801652892562,0.49214876033057847,0.3256198347107438,0.021487603305785124,0.05619834710743802,0.0628099173553719,0.4859504132231405,0.07603305785123966,2.9950413223140493,0.6347107438016528,0.8396694214876033,1.6082644628099174,0.0,2.0,,0,0.0,0.0,a,,,0.4,,False
109,Verbruggen,Bart Verbruggen,GK,5,45,90.0,3.6,1.94,0.0,0.0,19.2,12.6,0.002,1.214,1.0,0.0,0.0,0.4,1.4,0.0,0.0,0.0,0.6,8.0,38.0,1.9,,130,3.4,0.0,a,,,16.7,,True
110,Rushworth,Carl Rushworth,GK,5,45,0.0,0.0,0.0,0.0,0.0,0.0,0.0,0.0,0.0,0.0,0.0,0.0,0.0,0.0,0.0,0.0,0.0,0.0,0.0,38.0,1.9,,0,0.0,0.0,a,,,0.6,,True
111,Steele,Jason Steele,GK,5,40,0.0,0.0,0.0,0.0,0.0,0.0,0.0,0.0,0.0,0.0,0.0,0.0,0.0,0.0,0.0,0.0,0.0,0.0,0.0,38.0,1.0,,0,0.0,0.0,a,,,4.7,,True
113,F.Kadıoğlu,Ferdi Kadıoğlu,DEF,5,45,90.0,5.0,5.02,15.6,16.740000000000002,17.68,16.8,0.23800000000000004,1.214,1.0,0.2,0.0,0.4,1.4,0.6,3.4,0.6,2.8,3.0,38.0,1.7,,118,3.2,0.0,a,,,3.0,,True
114,Boscagli,Olivier Boscagli,DEF,5,45,36.0,1.4,1.1800000000000002,0.0,3.72,8.0,7.2,0.02,0.706,0.4,0.0,0.0,0.2,0.6,0.0,2.4,0.8,1.6,1.2,38.0,1.7,,39,3.2,0.0,a,,,0.1,,True
115,De Cuyper,Maxim De Cuyper,DEF,5,45,48.8,4.4,6.58,4.4,39.21999999999999,22.119999999999997,18.4,0.40800000000000003,0.626,0.6,0.0,0.6,0.2,0.8,0.6,2.4,0.8,1.6,2.0,38.0,1.7,,84,2.8,0.0,a,,,1.5,,True
116,Dunk,Lewis Dunk,DEF,5,45,54.4,3.6,2.98,11.2,3.38,15.24,10.8,0.11599999999999999,0.718,0.6,0.2,0.0,0.2,1.0,0.4,2.8,0.4,2.4,3.0,38.0,1.7,,100,3.0,0.0,a,,,0.7,,True
117,Coppola,Diego Coppola,DEF,5,45,0.0,0.0,0.0,0.0,0.0,0.0,0.0,0.0,0.0,0.0,0.0,0.0,0.0,0.0,0.0,0.0,0.0,0.0,0.0,38.0,1.7,,10,2.0,0.0,a,,,0.0,,True
118,Igor,Igor Julio dos Santos de Paulo,DEF,5,45,0.0,0.0,0.0,0.0,0.0,0.0,0.0,0.0,0.0,0.0,0.0,0.0,0.0,0.0,0.0,0.0,0.0,0.0,0.0,38.0,1.7,,6,1.5,0.0,a,,,0.1,,True
119,Costinha,João Pedro Loureiro da Costa,DEF,5,45,30.31111111111111,1.1901234567901235,1.1790123456790123,1.9753086419753085,3.4790123456790125,6.311111111111111,4.567901234567901,0.03967901234567901,0.48980246913580244,0.34074074074074073,0.019753086419753086,0.029629629629629627,0.07407407407407407,0.471604938271605,0.07407407407407407,2.180246913580247,0.6222222222222222,1.5382716049382716,1.1876543209876544,0.0,1.7,,0,0.0,0.0,a,,,0.0,,False
120,Svoboda,Michael Svoboda,DEF,5,50,48.37931034482759,1.817241379310345,2.026206896551724,4.348275862068966,4.8837931034482756,11.00551724137931,6.6482758620689655,0.06762068965517241,0.7361379310344828,0.5482758620689655,0.013793103448275864,0.027586206896551727,0.11034482758620691,0.7551724137931034,0.07241379310344828,4.279310344827586,0.8724137931034484,3.382758620689655,1.8275862068965518,0.0,2.2,,0,0.0,0.0,a,,,0.1,,False
121,Mitoma,Mitoma Kaoru,MID,5,60,45.6,0.8,2.46,10.4,10.92,3.2799999999999985,6.2,0.17,0.7659999999999999,0.6,0.0,0.0,0.2,0.6,0.0,3.6,0.4,0.6,2.6,38.0,0.0,,62,2.5,0.0,i,0.0,,0.2,Hamstring injury - Unknown return date,True
122,Minteh,Yankuba Minteh,MID,5,60,78.2,3.4,4.82,13.8,19.02,15.36,12.8,0.236,0.9400000000000001,0.8,0.2,0.0,0.6,0.8,0.2,4.8,2.0,1.0,1.8,38.0,2.1,,117,3.4,0.0,a,,,0.7,,True
123,Hinshelwood,Jack Hinshelwood,MID,5,60,83.6,5.6,6.180000000000001,28.6,9.040000000000001,23.919999999999998,19.0,0.534,0.9579999999999999,1.0,0.6,0.0,0.6,1.0,0.0,2.8,0.6,0.8,1.4,38.0,2.1,,91,3.4,0.0,a,,,0.3,,True
124,Groß,Pascal Groß,MID,5,55,90.0,4.2,7.42,21.0,36.62,16.64,20.8,0.332,1.214,1.0,0.0,0.4,0.4,1.4,0.6,6.4,1.2,1.2,4.0,38.0,2.0,,78,4.1,0.0,a,,,7.2,,True
125,Georginio,Georginio Rutter,FWD,5,55,29.4,2.0,2.88,10.6,11.32,6.8,6.6,0.246,0.34800000000000003,0.2,0.0,0.2,0.2,0.4,0.0,2.0,0.6,0.4,1.0,38.0,1.8,,87,2.7,0.0,a,,,0.7,,True
126,O'Riley,Matt O'Riley,MID,5,55,0.2,0.2,0.0,0.0,0.0,0.04,0.6,0.0,0.0,0.0,0.0,0.0,0.0,0.0,0.0,0.0,0.0,0.0,0.0,38.0,2.0,,16,2.7,0.0,a,,,0.1,,True
127,Gomez,Diego Gómez Amarilla,MID,5,50,16.6,0.4,0.7999999999999993,7.6,0.54,0.2,0.2,0.18999999999999995,0.33399999999999996,0.2,0.0,0.0,0.0,0.8,0.0,2.4,0.2,0.6,1.6,38.0,1.5,,97,3.0,0.0,a,,,1.8,,True
128,Buonanotte,Facundo Buonanotte,MID,5,50,2.4,0.2,0.48,0.4,2.8600000000000003,1.44,0.8,0.04,0.13,0.0,0.0,0.0,0.0,0.4,0.0,0.2,0.0,0.2,0.0,38.0,1.5,,3,0.8,0.0,a,,,0.1,,True
129,Ayari,Yasin Ayari,MID,5,55,6.0,0.6,0.12000000000000002,0.8,0.06000000000000001,0.36,1.4,0.0,0.04,0.0,0.0,0.0,0.0,0.2,0.0,0.6,0.0,0.4,0.2,38.0,2.0,,98,3.4,0.0,a,,,0.5,,True
130,Wieffer,Mats Wieffer,DEF,5,50,30.4,0.8,0.38,0.0,1.8199999999999998,2.12,3.8,0.006,0.422,0.6,0.0,0.0,0.0,0.8,0.0,2.0,0.4,0.2,1.4,38.0,2.2,,94,3.6,0.0,a,,,0.3,,True
131,Baleba,Carlos Baleba,MID,5,50,71.2,2.8,2.88,3.0,12.66,13.080000000000002,14.6,0.132,0.6679999999999999,0.8,0.0,0.0,0.6,0.4,0.0,11.0,1.8,3.2,6.0,38.0,1.5,,56,1.8,0.0,a,,,0.6,,True
132,Howell,Harry Howell,MID,5,45,0.0,0.0,0.0,0.0,0.0,0.0,0.0,0.0,0.0,0.0,0.0,0.0,0.0,0.0,0.0,0.0,0.0,0.0,0.0,38.0,1.0,,4,1.3,0.0,a,,,0.3,,True
133,Watson,Tom Watson,MID,5,50,0.0,0.0,0.0,0.0,0.0,0.0,0.0,0.0,0.0,0.0,0.0,0.0,0.0,0.0,0.0,0.0,0.0,0.0,0.0,38.0,0.0,,5,0.8,0.0,u,0.0,,0.0,Has joined Leicester City on loan for the rest of the season,True
134,Oriola,Nehemiah Oriola,MID,5,45,0.0,0.0,0.0,0.0,0.0,0.0,0.0,0.0,0.0,0.0,0.0,0.0,0.0,0.0,0.0,0.0,0.0,0.0,0.0,38.0,1.0,,1,1.0,0.0,a,,,0.2,,True
135,Yohanna,Zadok Yohanna,MID,5,50,29.446280991735538,1.3173553719008264,1.4985123966942149,3.4991735537190083,6.0142148760330585,5.479338842975206,5.80495867768595,0.06743801652892562,0.49214876033057847,0.3256198347107438,0.021487603305785124,0.05619834710743802,0.0628099173553719,0.4859504132231405,0.07603305785123966,2.9950413223140493,0.6347107438016528,0.8396694214876033,1.6082644628099174,0.0,1.5,,0,0.0,0.0,a,,,0.1,,False
137,Tzimas,Stefanos Tzimas,FWD,5,55,0.0,0.0,0.0,0.0,0.0,0.0,0.0,0.0,0.0,0.0,0.0,0.0,0.0,0.0,0.0,0.0,0.0,0.0,0.0,38.0,1.3,,16,1.8,0.0,d,75.0,,0.0,Knee injury - 75% chance of playing,True
138,Kostoulas,Charalampos Kostoulas,FWD,5,55,10.2,0.8,2.1,11.4,6.94,2.7199999999999998,3.4,0.11599999999999999,0.276,0.0,0.0,0.0,0.0,0.4,0.0,0.6,0.0,0.0,0.6,38.0,1.8,,35,1.7,0.0,a,,,0.3,,True
139,Ferguson,Evan Ferguson,FWD,5,50,0.0,0.0,0.0,0.0,0.0,0.0,0.0,0.0,0.0,0.0,0.0,0.0,0.0,0.0,0.0,0.0,0.0,0.0,0.0,38.0,0.0,,0,0.0,0.0,i,0.0,,0.0,Ankle injury - Expected back 10 Oct,True
328,Struijk,Pascal Struijk,DEF,5,50,65.0,1.2,1.6199999999999999,2.4,0.8599999999999994,13.040000000000001,4.4,0.026000000000000013,1.0999999999999999,0.8,0.0,0.0,0.0,1.4,0.0,6.0,1.2,4.8,2.4,38.0,2.2,,108,3.2,0.0,a,,,0.5,,True
504,Vuskovic,Luka Vušković,DEF,5,50,0.0,0.0,0.0,0.0,0.0,0.0,0.0,0.0,0.0,0.0,0.0,0.0,0.0,0.0,0.0,0.0,0.0,0.0,0.0,38.0,2.2,,0,0.0,0.0,a,,,3.0,,True
40,Rogers,Morgan Rogers,MID,6,75,72.0,3.4,4.459999999999999,13.4,15.64,16.080000000000002,12.4,0.138,1.078,0.8,0.2,0.2,0.0,1.4,0.4,5.4,1.6,0.8,3.0,38.0,2.6,,169,4.6,0.0,a,,,30.7,,True
136,Welbeck,Danny Welbeck,FWD,6,60,56.8,3.2,4.08,23.4,4.76,13.159999999999997,13.4,0.178,0.8480000000000001,0.8,0.2,0.2,0.4,1.0,0.2,3.0,0.8,0.8,1.4,38.0,2.0,,126,3.4,0.0,a,,,2.8,,True
140,Sánchez,Robert Lynch Sánchez,GK,6,50,67.2,1.4,1.9600000000000002,0.0,0.0,19.64,6.6,0.0,1.5500000000000003,0.8,0.0,0.0,0.0,1.8,0.0,0.0,0.0,0.4,7.0,38.0,2.6,,113,3.2,0.0,a,,,2.0,,True
141,Jörgensen,Filip Jörgensen,GK,6,50,22.8,0.6,0.4,0.0,0.0,4.04,3.0,0.0,0.11200000000000002,0.2,0.0,0.0,0.0,0.2,0.0,0.0,0.0,0.0,2.2,38.0,2.6,,9,1.8,0.0,a,,,0.1,,True
142,James,Reece James,DEF,6,55,13.0,0.4,0.45999999999999963,1.4,0.5800000000000001,2.5199999999999987,2.8,0.013999999999999999,0.10200000000000005,0.0,0.0,0.0,0.0,0.0,0.0,0.8,0.2,0.6,1.2,38.0,2.5,,115,4.0,0.0,a,,,8.0,,True
143,Chalobah,Trevoh Chalobah,DEF,6,55,44.2,0.8,1.3199999999999998,1.2,2.92,8.88,4.0,0.032,0.9360000000000002,0.4,0.0,0.0,0.0,1.2,0.0,3.2,0.0,3.2,2.0,38.0,2.5,,136,4.0,0.0,a,,,2.0,,True
144,Gusto,Malo Gusto,DEF,6,50,70.8,0.4,3.54,7.0,18.3,10.160000000000002,5.0,0.2,1.3039999999999998,0.8,0.0,0.0,0.0,1.8,0.0,4.0,0.8,3.2,2.6,38.0,2.2,,96,2.8,0.0,a,,,1.2,,True
145,Fofana,Wesley Fofana,DEF,6,50,55.2,1.0,0.8,1.2,0.42000000000000004,6.239999999999998,3.8,0.002,0.982,0.8,0.0,0.2,0.0,1.0,0.0,4.8,0.0,4.8,2.8,38.0,0.0,,65,2.6,0.0,s,0.0,,0.0,Suspended until 6 Sep,True
146,B.Badiashile,Benoît Badiashile Mukinayi,DEF,6,45,0.0,0.0,0.0,0.0,0.0,0.0,0.0,0.0,0.0,0.0,0.0,0.0,0.0,0.0,0.0,0.0,0.0,0.0,0.0,38.0,1.7,,7,0.9,0.0,a,,,0.0,,True
147,Tosin,Tosin Adarabioyo,DEF,6,45,9.0,0.0,0.18,0.0,0.16,1.6800000000000004,0.2,0.0,0.21800000000000003,0.2,0.0,0.0,0.0,0.4,0.0,0.6,0.4,0.2,0.6,38.0,1.7,,34,2.1,0.0,a,,,0.1,,True
148,Hato,Jorrel Hato,DEF,6,45,64.2,1.0,1.9000000000000004,0.8,3.2599999999999993,14.84,6.4,0.02,1.16,0.8,0.0,0.0,0.0,1.4,0.0,5.8,2.0,3.8,2.8,38.0,1.7,,19,0.9,0.0,a,,,1.2,,True
149,Colwill,Levi Samuels Colwill,DEF,6,50,45.0,1.6,1.6,1.2,1.52,13.2,6.0,0.024,0.672,0.4,0.0,0.0,0.0,0.8,0.0,5.0,0.6,4.4,1.8,38.0,2.2,,8,2.7,0.0,a,,,1.9,,True
150,M.Sarr,Mamadou Sarr,DEF,6,45,1.8,0.2,0.0,0.0,0.0,0.04,0.6,0.0,0.041999999999999996,0.0,0.0,0.0,0.0,0.0,0.0,0.0,0.0,0.0,0.0,38.0,1.7,,3,1.0,0.0,a,,,0.1,,True
151,Acheampong,Josh Acheampong,DEF,6,45,15.8,0.8,0.2,0.8,0.13999999999999999,1.0,2.8,0.004,0.316,0.2,0.0,0.0,0.0,0.2,0.0,0.6,0.2,0.4,0.6,38.0,1.7,,39,2.3,0.0,a,,,0.2,,True
152,Palestra,Marco Palestra,DEF,6,55,48.37931034482759,1.817241379310345,2.026206896551724,4.348275862068966,4.8837931034482756,11.00551724137931,6.6482758620689655,0.06762068965517241,0.7361379310344828,0.5482758620689655,0.013793103448275864,0.027586206896551727,0.11034482758620691,0.7551724137931034,0.07241379310344828,4.279310344827586,0.8724137931034484,3.382758620689655,1.8275862068965518,0.0,2.5,,0,0.0,0.0,a,,,1.5,,False
153,Disasi,Axel Disasi,DEF,6,45,88.8,2.6,1.64,0.8,1.02,14.76,8.2,0.004,1.6440000000000001,1.0,0.0,0.0,0.2,1.6,0.0,5.8,1.0,4.8,2.4,38.0,1.7,,0,0.0,0.0,a,,,0.1,,True
154,Palmer,Cole Palmer,MID,6,95,71.6,2.4,3.8200000000000003,16.2,9.3,12.519999999999998,10.0,0.338,1.224,0.8,0.2,0.0,0.0,1.4,0.4,3.2,0.8,0.4,2.0,38.0,3.2,,114,4.4,0.0,a,,,12.7,,True
155,Enzo,Enzo Fernández,MID,6,70,90.0,5.2,7.140000000000001,11.0,35.48,25.0,20.6,0.312,1.6620000000000001,1.0,0.4,0.2,0.0,2.0,1.0,5.0,0.8,0.6,3.6,38.0,2.5,,157,4.4,0.0,a,,,5.4,,True
156,Neto,Pedro Lomba Neto,MID,6,65,48.4,2.6,3.019999999999999,6.4,12.620000000000001,11.12,10.4,0.048,1.074,0.6,0.0,0.4,0.0,1.2,0.2,1.8,0.6,0.4,0.8,38.0,2.3,,125,3.7,0.0,a,,,1.3,,True
157,Estêvão,Estêvão Almeida de Oliveira Gonçalves,MID,6,65,0.0,0.0,0.0,0.0,0.0,0.0,0.0,0.0,0.0,0.0,0.0,0.0,0.0,0.0,0.0,0.0,0.0,0.0,0.0,38.0,2.3,,58,2.6,0.0,a,,,1.7,,True
158,Gittens,Jamie Bynoe-Gittens,MID,6,60,0.0,0.0,0.0,0.0,0.0,0.0,0.0,0.0,0.0,0.0,0.0,0.0,0.0,0.0,0.0,0.0,0.0,0.0,0.0,38.0,2.1,,25,1.6,0.0,a,,,0.1,,True
159,Caicedo,Moisés Caicedo Corozo,MID,6,55,88.8,2.0,3.1399999999999997,2.2,17.04,11.959999999999999,15.4,0.074,1.6480000000000001,1.0,0.0,0.0,0.0,2.0,0.0,9.2,1.6,2.6,5.0,38.0,2.0,,110,3.3,0.0,a,,,3.7,,True
161,Lavia,Roméo Lavia,MID,6,50,25.8,0.6,0.43999999999999995,0.6,2.0,1.7600000000000002,5.2,0.034,0.776,0.4,0.0,0.0,0.0,1.0,0.0,1.6,0.6,0.2,0.8,38.0,1.5,,13,1.1,0.0,a,,,0.0,,True
163,D.Essugo,Dário Luís Essugo,MID,6,45,3.6,0.2,0.22000000000000003,0.4,0.36,1.3599999999999999,1.4,0.002,0.057999999999999996,0.0,0.0,0.0,0.0,0.2,0.0,0.8,0.6,0.0,0.2,38.0,1.0,,1,0.3,0.0,a,,,0.2,,True
164,Quenda,Geovany Quenda,MID,6,55,29.446280991735538,1.3173553719008264,1.4985123966942149,3.4991735537190083,6.0142148760330585,5.479338842975206,5.80495867768595,0.06743801652892562,0.49214876033057847,0.3256198347107438,0.021487603305785124,0.05619834710743802,0.0628099173553719,0.4859504132231405,0.07603305785123966,2.9950413223140493,0.6347107438016528,0.8396694214876033,1.6082644628099174,0.0,1.5,,0,0.0,0.0,d,75.0,,0.0,Unspecified injury - 75% chance of playing,False
165,João Pedro,João Pedro Junqueira de Jesus,FWD,6,75,54.0,2.2,2.7800000000000002,16.2,3.7600000000000016,7.6,7.8,0.2579999999999999,0.89,0.6,0.2,0.0,0.0,1.2,0.4,2.2,0.4,0.6,1.2,38.0,2.3,,177,5.1,0.0,a,,,54.7,,True
166,N.Jackson,Nicolas Jackson,FWD,6,65,0.0,0.0,0.0,0.0,0.0,0.0,0.0,0.0,0.0,0.0,0.0,0.0,0.0,0.0,0.0,0.0,0.0,0.0,0.0,38.0,2.1,,0,0.0,0.0,a,,,0.4,,True
167,Delap,Liam Delap,FWD,6,55,41.8,0.8,0.38,3.8,0.96,0.48,0.6,0.06000000000000001,0.9179999999999999,0.4,0.0,0.0,0.0,0.8,0.0,1.2,0.2,0.2,0.8,38.0,1.8,,45,1.6,0.0,a,,,0.5,,True
168,Marc Guiu,Marc Guiu Paz,FWD,6,50,3.6,0.2,0.1,1.0,0.26,0.0,0.0,0.01600000000000002,0.048,0.0,0.0,0.0,0.0,0.2,0.0,0.2,0.0,0.0,0.2,38.0,1.4,,13,1.3,0.0,a,,,0.4,,True
169,Mheuka,Shumaira Mheuka,FWD,6,45,0.5,0.5,0.1,0.0,0.15,1.0,1.5,0.0,0.025,0.0,0.0,0.0,0.0,0.0,0.0,0.5,0.0,0.5,0.0,38.0,1.0,,1,1.0,0.0,a,,,0.4,,True
170,Emegha,Emmanuel Emegha,FWD,6,50,20.4,1.1800000000000002,1.497,7.42,2.962,4.794,4.45,0.1271,0.3792,0.17,0.08,0.030000000000000006,0.04,0.4,0.06999999999999999,1.1099999999999999,0.21000000000000002,0.38,0.52,0.0,1.0,,0,0.0,0.0,d,75.0,,0.2,Hamstring injury - 75% chance of playing,False
200,Lacroix,Maxence Lacroix,DEF,6,60,66.0,1.6,2.5799999999999996,6.8,2.5800000000000005,16.639999999999997,5.6,0.030000000000000016,1.1620000000000001,0.8,0.0,0.0,0.0,1.8,0.0,7.8,1.4,6.4,2.2,38.0,2.8,,154,4.4,0.0,a,,,12.0,,True
560,Penders,Mike Penders,GK,6,45,0.0,0.0,0.0,0.0,0.0,0.0,0.0,0.0,0.0,0.0,0.0,0.0,0.0,0.0,0.0,0.0,0.0,0.0,0.0,38.0,1.9,,0,0.0,0.0,a,,,0.1,,True
561,Anselmino,Aaron Anselmino,DEF,6,45,0.0,0.0,0.0,0.0,0.0,0.0,0.0,0.0,0.0,0.0,0.0,0.0,0.0,0.0,0.0,0.0,0.0,0.0,0.0,38.0,1.7,,0,0.0,0.0,a,,,0.0,,True
104,Onyeka,Frank Onyeka,MID,7,50,0.0,0.0,0.0,0.0,0.0,0.0,0.0,0.0,0.0,0.0,0.0,0.0,0.0,0.0,0.0,0.0,0.0,0.0,0.0,38.0,1.5,,12,2.0,0.0,a,,,0.2,,True
171,Dovin,Oliver Dovin,GK,7,40,17.419354838709676,0.6903225806451613,0.4612903225806451,0.0,0.0,4.594838709677419,3.0129032258064514,0.00025806451612903227,0.27541935483870966,0.1935483870967742,0.0,0.0,0.05806451612903226,0.23225806451612904,0.025806451612903222,0.0,0.0064516129032258064,0.1870967741935484,1.4129032258064516,0.0,1.0,,0,0.0,0.0,a,,,3.0,,False
172,Wilson,Ben Wilson,GK,7,45,17.419354838709676,0.6903225806451613,0.4612903225806451,0.0,0.0,4.594838709677419,3.0129032258064514,0.00025806451612903227,0.27541935483870966,0.1935483870967742,0.0,0.0,0.05806451612903226,0.23225806451612904,0.025806451612903222,0.0,0.0064516129032258064,0.1870967741935484,1.4129032258064516,0.0,1.9,,0,0.0,0.0,a,,,0.7,,False
173,Thomas,Bobby Thomas,DEF,7,40,30.31111111111111,1.1901234567901235,1.1790123456790123,1.9753086419753085,3.4790123456790125,6.311111111111111,4.567901234567901,0.03967901234567901,0.48980246913580244,0.34074074074074073,0.019753086419753086,0.029629629629629627,0.07407407407407407,0.471604938271605,0.07407407407407407,2.180246913580247,0.6222222222222222,1.5382716049382716,1.1876543209876544,0.0,1.0,,0,0.0,0.0,a,,,8.7,,False
174,Kitching,Liam Kitching,DEF,7,40,30.31111111111111,1.1901234567901235,1.1790123456790123,1.9753086419753085,3.4790123456790125,6.311111111111111,4.567901234567901,0.03967901234567901,0.48980246913580244,0.34074074074074073,0.019753086419753086,0.029629629629629627,0.07407407407407407,0.471604938271605,0.07407407407407407,2.180246913580247,0.6222222222222222,1.5382716049382716,1.1876543209876544,0.0,1.0,,0,0.0,0.0,a,,,0.4,,False
175,van Ewijk,Milan van Ewijk,DEF,7,40,30.31111111111111,1.1901234567901235,1.1790123456790123,1.9753086419753085,3.4790123456790125,6.311111111111111,4.567901234567901,0.03967901234567901,0.48980246913580244,0.34074074074074073,0.019753086419753086,0.029629629629629627,0.07407407407407407,0.471604938271605,0.07407407407407407,2.180246913580247,0.6222222222222222,1.5382716049382716,1.1876543209876544,0.0,1.0,,0,0.0,0.0,a,,,16.7,,False
176,Dasilva,Jay Dasilva,DEF,7,40,30.31111111111111,1.1901234567901235,1.1790123456790123,1.9753086419753085,3.4790123456790125,6.311111111111111,4.567901234567901,0.03967901234567901,0.48980246913580244,0.34074074074074073,0.019753086419753086,0.029629629629629627,0.07407407407407407,0.471604938271605,0.07407407407407407,2.180246913580247,0.6222222222222222,1.5382716049382716,1.1876543209876544,0.0,1.0,,0,0.0,0.0,a,,,0.4,,False
177,Kesler-Hayden,Kaine Kesler-Hayden,DEF,7,40,30.31111111111111,1.1901234567901235,1.1790123456790123,1.9753086419753085,3.4790123456790125,6.311111111111111,4.567901234567901,0.03967901234567901,0.48980246913580244,0.34074074074074073,0.019753086419753086,0.029629629629629627,0.07407407407407407,0.471604938271605,0.07407407407407407,2.180246913580247,0.6222222222222222,1.5382716049382716,1.1876543209876544,0.0,1.0,,0,0.0,0.0,a,,,0.1,,False
178,Bidwell,Jake Bidwell,DEF,7,40,30.31111111111111,1.1901234567901235,1.1790123456790123,1.9753086419753085,3.4790123456790125,6.311111111111111,4.567901234567901,0.03967901234567901,0.48980246913580244,0.34074074074074073,0.019753086419753086,0.029629629629629627,0.07407407407407407,0.471604938271605,0.07407407407407407,2.180246913580247,0.6222222222222222,1.5382716049382716,1.1876543209876544,0.0,1.0,,0,0.0,0.0,a,,,0.1,,False
179,Latibeaudiere,Joel Latibeaudiere,DEF,7,40,30.31111111111111,1.1901234567901235,1.1790123456790123,1.9753086419753085,3.4790123456790125,6.311111111111111,4.567901234567901,0.03967901234567901,0.48980246913580244,0.34074074074074073,0.019753086419753086,0.029629629629629627,0.07407407407407407,0.471604938271605,0.07407407407407407,2.180246913580247,0.6222222222222222,1.5382716049382716,1.1876543209876544,0.0,1.0,,0,0.0,0.0,a,,,0.1,,False
180,Woolfenden,Luke Woolfenden,DEF,7,40,30.31111111111111,1.1901234567901235,1.1790123456790123,1.9753086419753085,3.4790123456790125,6.311111111111111,4.567901234567901,0.03967901234567901,0.48980246913580244,0.34074074074074073,0.019753086419753086,0.029629629629629627,0.07407407407407407,0.471604938271605,0.07407407407407407,2.180246913580247,0.6222222222222222,1.5382716049382716,1.1876543209876544,0.0,1.0,,0,0.0,0.0,a,,,0.3,,False
181,Brau,Miguel Brau,DEF,7,40,30.31111111111111,1.1901234567901235,1.1790123456790123,1.9753086419753085,3.4790123456790125,6.311111111111111,4.567901234567901,0.03967901234567901,0.48980246913580244,0.34074074074074073,0.019753086419753086,0.029629629629629627,0.07407407407407407,0.471604938271605,0.07407407407407407,2.180246913580247,0.6222222222222222,1.5382716049382716,1.1876543209876544,0.0,1.0,,0,0.0,0.0,a,,,0.1,,False
182,Amenda,Aurèle Amenda,DEF,7,40,30.31111111111111,1.1901234567901235,1.1790123456790123,1.9753086419753085,3.4790123456790125,6.311111111111111,4.567901234567901,0.03967901234567901,0.48980246913580244,0.34074074074074073,0.019753086419753086,0.029629629629629627,0.07407407407407407,0.471604938271605,0.07407407407407407,2.180246913580247,0.6222222222222222,1.5382716049382716,1.1876543209876544,0.0,1.0,,0,0.0,0.0,a,,,0.5,,False
183,Rudoni,Jack Rudoni,MID,7,50,29.446280991735538,1.3173553719008264,1.4985123966942149,3.4991735537190083,6.0142148760330585,5.479338842975206,5.80495867768595,0.06743801652892562,0.49214876033057847,0.3256198347107438,0.021487603305785124,0.05619834710743802,0.0628099173553719,0.4859504132231405,0.07603305785123966,2.9950413223140493,0.6347107438016528,0.8396694214876033,1.6082644628099174,0.0,1.1,,0,0.0,0.0,d,75.0,,0.3,Shoulder injury - 75% chance of playing,False
184,Grimes,Matt Grimes,MID,7,50,29.446280991735538,1.3173553719008264,1.4985123966942149,3.4991735537190083,6.0142148760330585,5.479338842975206,5.80495867768595,0.06743801652892562,0.49214876033057847,0.3256198347107438,0.021487603305785124,0.05619834710743802,0.0628099173553719,0.4859504132231405,0.07603305785123966,2.9950413223140493,0.6347107438016528,0.8396694214876033,1.6082644628099174,0.0,1.5,,0,0.0,0.0,a,,,0.2,,False
185,Sakamoto,Tatsuhiro Sakamoto,MID,7,50,29.446280991735538,1.3173553719008264,1.4985123966942149,3.4991735537190083,6.0142148760330585,5.479338842975206,5.80495867768595,0.06743801652892562,0.49214876033057847,0.3256198347107438,0.021487603305785124,0.05619834710743802,0.0628099173553719,0.4859504132231405,0.07603305785123966,2.9950413223140493,0.6347107438016528,0.8396694214876033,1.6082644628099174,0.0,1.5,,0,0.0,0.0,a,,,0.1,,False
186,Mason-Clark,Ephron Mason-Clark,MID,7,55,29.446280991735538,1.3173553719008264,1.4985123966942149,3.4991735537190083,6.0142148760330585,5.479338842975206,5.80495867768595,0.06743801652892562,0.49214876033057847,0.3256198347107438,0.021487603305785124,0.05619834710743802,0.0628099173553719,0.4859504132231405,0.07603305785123966,2.9950413223140493,0.6347107438016528,0.8396694214876033,1.6082644628099174,0.0,2.0,,0,0.0,0.0,a,,,0.3,,False
187,Eccles,Josh Eccles,MID,7,50,29.446280991735538,1.3173553719008264,1.4985123966942149,3.4991735537190083,6.0142148760330585,5.479338842975206,5.80495867768595,0.06743801652892562,0.49214876033057847,0.3256198347107438,0.021487603305785124,0.05619834710743802,0.0628099173553719,0.4859504132231405,0.07603305785123966,2.9950413223140493,0.6347107438016528,0.8396694214876033,1.6082644628099174,0.0,1.5,,0,0.0,0.0,a,,,0.0,,False
188,Torp,Victor Torp,MID,7,55,29.446280991735538,1.3173553719008264,1.4985123966942149,3.4991735537190083,6.0142148760330585,5.479338842975206,5.80495867768595,0.06743801652892562,0.49214876033057847,0.3256198347107438,0.021487603305785124,0.05619834710743802,0.0628099173553719,0.4859504132231405,0.07603305785123966,2.9950413223140493,0.6347107438016528,0.8396694214876033,1.6082644628099174,0.0,2.0,,0,0.0,0.0,a,,,0.2,,False
189,Shepherd,George Shepherd,MID,7,45,5.720000000000001,0.16,0.22933333333333333,0.27999999999999997,0.94,1.0666666666666667,0.7866666666666667,0.010133333333333334,0.14026666666666668,0.05333333333333334,0.0,0.0,0.0,0.13333333333333333,0.0,0.6666666666666666,0.13333333333333333,0.32,0.21333333333333335,0.0,1.0,,0,0.0,0.0,a,,,0.3,,False
190,Tchaouna,Loum Tchaouna,MID,7,55,81.2,3.8,5.16,11.0,23.86,16.560000000000002,14.6,0.10800000000000001,1.6300000000000001,1.0,0.2,0.2,0.0,1.6,0.0,4.2,0.8,0.4,3.0,38.0,2.0,,0,0.0,0.0,a,,,0.1,,True
191,Borges Rodrigues,Raphael Borges Rodrigues,MID,7,45,5.720000000000001,0.16,0.22933333333333333,0.27999999999999997,0.94,1.0666666666666667,0.7866666666666667,0.010133333333333334,0.14026666666666668,0.05333333333333334,0.0,0.0,0.0,0.13333333333333333,0.0,0.6666666666666666,0.13333333333333333,0.32,0.21333333333333335,0.0,1.0,,0,0.0,0.0,a,,,0.2,,False
192,Andrews,Kaine Andrews,MID,7,45,5.720000000000001,0.16,0.22933333333333333,0.27999999999999997,0.94,1.0666666666666667,0.7866666666666667,0.010133333333333334,0.14026666666666668,0.05333333333333334,0.0,0.0,0.0,0.13333333333333333,0.0,0.6666666666666666,0.13333333333333333,0.32,0.21333333333333335,0.0,1.0,,0,0.0,0.0,a,,,0.7,,False
193,Wright,Haji Wright,FWD,7,55,20.4,1.1800000000000002,1.497,7.42,2.962,4.794,4.45,0.1271,0.3792,0.17,0.08,0.030000000000000006,0.04,0.4,0.06999999999999999,1.1099999999999999,0.21000000000000002,0.38,0.52,0.0,1.8,,0,0.0,0.0,a,,,1.8,,False
194,Thomas-Asante,Brandon Thomas-Asante,FWD,7,50,20.4,1.1800000000000002,1.497,7.42,2.962,4.794,4.45,0.1271,0.3792,0.17,0.08,0.030000000000000006,0.04,0.4,0.06999999999999999,1.1099999999999999,0.21000000000000002,0.38,0.52,0.0,1.4,,0,0.0,0.0,a,,,0.9,,False
195,Simms,Ellis Simms,FWD,7,50,20.4,1.1800000000000002,1.497,7.42,2.962,4.794,4.45,0.1271,0.3792,0.17,0.08,0.030000000000000006,0.04,0.4,0.06999999999999999,1.1099999999999999,0.21000000000000002,0.38,0.52,0.0,1.4,,0,0.0,0.0,a,,,0.6,,False
196,Markelo,Jahnoah Markelo,FWD,7,50,20.4,1.1800000000000002,1.497,7.42,2.962,4.794,4.45,0.1271,0.3792,0.17,0.08,0.030000000000000006,0.04,0.4,0.06999999999999999,1.1099999999999999,0.21000000000000002,0.38,0.52,0.0,1.4,,0,0.0,0.0,a,,,0.1,,False
197,Bassette,Norman Bassette,FWD,7,45,0.8875,0.1625,0.030000000000000002,0.125,0.03375,0.175,0.4875,0.00075,0.021625,0.0,0.0,0.0,0.0,0.025,0.0,0.1375,0.025,0.0625,0.05,0.0,0.0,,0,0.0,0.0,u,0.0,,0.6,Has joined KVC Westerlo on loan for the rest of the season,False
198,Henderson,Dean Henderson,GK,8,50,90.0,1.4,2.0200000000000005,0.0,0.0,20.240000000000002,5.0,0.002,1.8939999999999997,1.0,0.0,0.0,0.0,2.4,0.0,0.0,0.2,1.0,8.4,38.0,2.6,,131,3.5,0.0,a,,,3.1,,True
199,Benitez,Walter Benítez,GK,8,45,0.0,0.0,0.0,0.0,0.0,0.0,0.0,0.0,0.0,0.0,0.0,0.0,0.0,0.0,0.0,0.0,0.0,0.0,0.0,38.0,1.9,,7,7.0,0.0,a,,,0.1,,True
201,Muñoz,Daniel Muñoz Mejía,DEF,8,55,70.2,2.0,4.16,8.6,16.68,16.360000000000003,7.6,0.13,1.384,1.0,0.0,0.2,0.0,1.8,0.2,5.4,2.6,2.8,2.2,38.0,2.5,,136,4.7,0.0,a,,,11.9,,True
202,Richards,Chris Richards,DEF,8,50,44.6,1.0,1.92,7.6,1.48,9.8,1.2,0.152,0.942,0.4,0.0,0.0,0.0,1.4,0.0,4.4,0.6,3.8,1.0,38.0,2.2,,128,3.9,0.0,a,,,0.8,,True
203,Canvot,Jaydee Canvot,DEF,8,50,72.0,1.4,2.06,4.0,3.6,13.0,3.2,0.06999999999999999,1.388,0.8,0.0,0.0,0.0,2.0,0.0,7.0,1.4,5.6,2.6,38.0,2.2,,72,3.6,0.0,a,,,0.6,,True
204,Mitchell,Tyrick Mitchell,DEF,8,45,72.0,1.8,3.46,9.6,7.3,17.4,7.2,0.146,1.3619999999999999,0.6,0.0,0.2,0.0,1.8,0.0,6.8,2.8,4.0,6.2,38.0,1.7,,135,3.6,0.0,a,,,7.0,,True
205,Sosa,Borna Sosa,DEF,8,45,0.0,0.0,0.0,0.0,0.0,0.0,0.0,0.0,0.0,0.0,0.0,0.0,0.0,0.0,0.0,0.0,0.0,0.0,0.0,38.0,1.7,,6,0.9,0.0,a,,,0.0,,True
206,Chadi Riad,Chadi Riad Dnanou,DEF,8,45,47.6,1.2,1.6800000000000002,5.4,0.52,10.8,5.2,0.06,0.952,0.6,0.0,0.0,0.0,1.0,0.0,5.4,0.8,4.6,4.0,38.0,1.7,,20,2.2,0.0,a,,,0.1,,True
207,Mingueza,Oscar Mingueza,DEF,8,45,30.31111111111111,1.1901234567901235,1.1790123456790123,1.9753086419753085,3.4790123456790125,6.311111111111111,4.567901234567901,0.03967901234567901,0.48980246913580244,0.34074074074074073,0.019753086419753086,0.029629629629629627,0.07407407407407407,0.471604938271605,0.07407407407407407,2.180246913580247,0.6222222222222222,1.5382716049382716,1.1876543209876544,0.0,1.7,,0,0.0,0.0,a,,,0.1,,False
208,Sarr,Ismaïla Sarr,MID,8,65,60.0,3.4,5.58,30.0,8.239999999999998,17.720000000000002,9.8,0.528,1.05,0.6,0.4,0.0,0.0,1.4,0.0,3.2,0.0,0.8,2.4,38.0,2.3,,117,4.2,0.0,a,,,9.9,,True
209,Johnson,Brennan Johnson,MID,8,60,57.6,1.4,1.6199999999999999,3.2,8.700000000000003,4.239999999999999,4.8,0.072,1.114,0.6,0.0,0.0,0.0,1.6,0.0,3.8,1.0,1.2,1.6,38.0,2.1,,65,1.9,0.0,a,,,0.2,,True
210,Wharton,Adam Wharton,MID,8,55,54.2,3.6,4.84,5.0,25.919999999999998,17.68,14.0,0.23999999999999994,0.9059999999999999,0.4,0.2,0.0,0.0,1.4,0.4,8.0,2.0,1.0,5.0,38.0,1.5,,112,3.3,0.0,d,75.0,,0.2,Ankle injury - 75% chance of playing,True
211,Yeremy,Yéremy Pino Santos,MID,8,55,38.8,1.4,2.34,5.4,11.32,6.519999999999999,6.8,0.15599999999999997,0.852,0.6,0.0,0.2,0.0,1.2,0.0,2.4,0.4,0.8,1.2,38.0,2.0,,77,2.3,0.0,a,,,0.2,,True
212,Hughes,Will Hughes,MID,8,45,29.8,0.6,1.1600000000000001,0.4,5.38,5.8,4.2,0.048,0.698,0.4,0.0,0.0,0.0,0.8,0.0,2.6,0.4,1.2,1.0,38.0,1.0,,45,1.5,0.0,a,,,11.1,,True
213,Lerma,Jefferson Lerma Solís,MID,8,50,59.2,1.4,1.7600000000000002,2.4,6.24,9.559999999999999,7.6,0.074,1.528,0.6,0.0,0.0,0.0,1.8,0.0,8.4,1.6,4.0,2.8,38.0,1.5,,69,2.2,0.0,a,,,0.1,,True
214,Kamada,Daichi Kamada,MID,8,50,57.0,1.6,2.16,3.4,11.16,7.12,8.6,0.21999999999999997,1.312,0.8,0.0,0.0,0.0,1.6,0.0,6.0,1.8,1.2,3.0,38.0,1.5,,67,2.4,0.0,a,,,0.3,,True
215,Devenny,Justin Devenny,MID,8,50,36.0,1.2,0.76,0.8,1.3199999999999998,5.640000000000001,4.8,0.006,0.9219999999999999,0.4,0.0,0.0,0.0,1.0,0.0,4.6,1.8,1.0,1.8,38.0,1.5,,36,1.7,0.0,a,,,0.0,,True
216,Esse,Romain Esse,MID,8,50,0.0,0.0,0.0,0.0,0.0,0.0,0.0,0.0,0.0,0.0,0.0,0.0,0.0,0.0,0.0,0.0,0.0,0.0,0.0,38.0,1.5,,4,1.0,0.0,a,,,0.1,,True
217,M.França,Matheus França de Oliveira,MID,8,50,0.0,0.0,0.0,0.0,0.0,0.0,0.0,0.0,0.0,0.0,0.0,0.0,0.0,0.0,0.0,0.0,0.0,0.0,0.0,38.0,1.5,,0,0.0,0.0,a,,,0.0,,True
218,Doucouré,Cheick Doucouré,MID,8,50,0.0,0.0,0.0,0.0,0.0,0.0,0.0,0.0,0.0,0.0,0.0,0.0,0.0,0.0,0.0,0.0,0.0,0.0,0.0,38.0,1.5,,0,0.0,0.0,a,,,0.1,,True
219,J.Rak-Sakyi,Jesurun Rak-Sakyi,MID,8,50,0.0,0.0,0.0,0.0,0.0,0.0,0.0,0.0,0.0,0.0,0.0,0.0,0.0,0.0,0.0,0.0,0.0,0.0,0.0,38.0,1.5,,0,0.0,0.0,a,,,0.0,,True
220,Cardines,Rio Cardines,DEF,8,45,18.0,0.4,0.9800000000000001,0.8,6.0,3.04,4.2,0.036,0.506,0.2,0.0,0.0,0.0,0.4,0.0,1.4,0.2,0.4,0.8,38.0,1.7,,2,2.0,0.0,a,,,0.0,,True
221,Drakes-Thomas,Joél Drakes-Thomas,MID,8,45,0.0,0.0,0.0,0.0,0.0,0.0,0.0,0.0,0.0,0.0,0.0,0.0,0.0,0.0,0.0,0.0,0.0,0.0,0.0,38.0,1.0,,2,1.0,0.0,a,,,0.1,,True
222,Strand Larsen,Jørgen Strand Larsen,FWD,8,60,58.8,1.8,2.2799999999999994,13.4,5.92,4.36,5.2,0.21400000000000002,1.1179999999999999,0.8,0.0,0.0,0.0,1.6,0.0,2.2,0.2,1.2,0.8,38.0,2.0,,75,2.1,0.0,a,,,0.6,,True
223,Mateta,Jean-Philippe Mateta,FWD,8,65,30.2,2.8,2.9200000000000004,8.8,5.26,15.12,12.0,0.21799999999999997,0.7779999999999999,0.2,0.4,0.0,0.0,0.8,0.2,0.8,0.2,0.6,0.0,38.0,2.1,,114,3.6,0.0,a,,,7.0,,True
224,Nketiah,Eddie Nketiah,FWD,8,55,0.0,0.0,0.0,0.0,0.0,0.0,0.0,0.0,0.0,0.0,0.0,0.0,0.0,0.0,0.0,0.0,0.0,0.0,0.0,38.0,1.8,,23,1.9,0.0,a,,,0.4,,True
225,Uche,Christantus Uche,FWD,8,50,0.0,0.0,0.0,0.0,0.0,0.0,0.0,0.0,0.0,0.0,0.0,0.0,0.0,0.0,0.0,0.0,0.0,0.0,0.0,38.0,0.0,,17,1.2,0.0,u,0.0,,0.0,has returned to Getafe CF,True
555,Matthews,Remi Matthews,GK,8,40,0.0,0.0,0.0,0.0,0.0,0.0,0.0,0.0,0.0,0.0,0.0,0.0,0.0,0.0,0.0,0.0,0.0,0.0,0.0,38.0,1.0,,0,0.0,0.0,a,,,1.7,,True
226,Pickford,Jordan Pickford,GK,9,55,90.0,1.6,2.1999999999999997,0.0,2.02,19.880000000000003,6.6,0.01,1.418,1.0,0.0,0.0,0.0,2.2,0.0,0.0,0.0,2.0,8.4,38.0,3.3,,135,3.6,0.0,a,,,9.0,,True
227,Travers,Mark Travers,GK,9,50,0.0,0.0,0.0,0.0,0.0,0.0,0.0,0.0,0.0,0.0,0.0,0.0,0.0,0.0,0.0,0.0,0.0,0.0,0.0,38.0,2.6,,0,0.0,0.0,a,,,0.1,,True
228,King,Tom King,GK,9,45,0.0,0.0,0.0,0.0,0.0,0.0,0.0,0.0,0.0,0.0,0.0,0.0,0.0,0.0,0.0,0.0,0.0,0.0,0.0,38.0,1.9,,0,0.0,0.0,a,,,0.1,,True
229,Tarkowski,James Tarkowski,DEF,9,60,90.0,4.8,6.76,22.4,9.719999999999999,35.440000000000005,10.8,0.21999999999999997,1.418,1.0,0.2,0.4,0.0,2.2,0.6,9.2,2.2,7.0,2.4,38.0,2.8,,170,4.6,0.0,a,,,9.9,,True
230,Branthwaite,Jarrad Branthwaite,DEF,9,55,0.0,0.0,0.0,0.0,0.0,0.0,0.0,0.0,0.0,0.0,0.0,0.0,0.0,0.0,0.0,0.0,0.0,0.0,0.0,38.0,2.5,,32,3.2,0.0,a,,,1.9,,True
231,Keane,Michael Keane,DEF,9,50,90.0,2.4,3.8600000000000003,11.6,3.46,23.560000000000002,4.8,0.12400000000000003,1.418,1.0,0.0,0.2,0.0,2.2,0.0,8.4,1.2,7.2,2.4,38.0,2.2,,131,4.0,0.0,a,,,1.5,,True
232,O'Brien,Jake O'Brien,DEF,9,50,78.4,1.8,3.4799999999999995,14.8,7.080000000000001,12.960000000000003,0.2,0.164,1.3039999999999998,1.0,0.2,0.0,0.0,1.8,0.0,4.4,1.4,3.0,2.0,38.0,2.2,,116,3.1,0.0,a,,,0.5,,True
233,Mykolenko,Vitalii Mykolenko,DEF,9,45,90.0,1.0,2.62,1.2,10.24,14.76,2.4,0.025999999999999978,1.418,1.0,0.0,0.0,0.0,2.2,0.0,5.8,1.4,4.4,2.0,38.0,1.7,,95,2.9,0.0,a,,,1.4,,True
234,Patterson,Nathan Patterson,DEF,9,45,0.2,0.2,0.04,0.0,0.0,0.4,-0.2,0.0,0.024,0.0,0.0,0.0,0.0,0.2,0.0,0.2,0.0,0.2,0.0,38.0,1.7,,22,3.1,0.0,a,,,0.0,,True
235,Aznou,Adam Aznou,DEF,9,40,0.0,0.0,0.0,0.0,0.0,0.0,0.0,0.0,0.0,0.0,0.0,0.0,0.0,0.0,0.0,0.0,0.0,0.0,0.0,38.0,1.0,,0,0.0,0.0,a,,,0.2,,True
236,Dewsbury-Hall,Kiernan Dewsbury-Hall,MID,9,65,88.6,3.8,4.959999999999999,12.0,21.16,16.4,15.6,0.254,1.392,1.0,0.2,0.2,0.0,2.0,0.2,7.4,1.4,1.6,4.4,38.0,2.3,,151,4.9,0.0,a,,,4.0,,True
237,Ndiaye,Iliman Ndiaye,MID,9,60,90.0,2.0,4.14,21.0,10.52,9.920000000000002,8.8,0.34199999999999997,1.418,1.0,0.0,0.0,0.0,2.2,0.0,5.2,1.0,1.0,3.2,38.0,2.1,,128,4.0,0.0,a,,,17.0,,True
239,Garner,James Garner,MID,9,60,90.0,2.8,6.019999999999999,4.2,34.56,21.520000000000003,20.0,0.23600000000000004,1.418,1.0,0.0,0.2,0.0,2.2,0.0,10.0,3.2,2.4,4.4,38.0,0.0,,159,4.2,0.0,i,0.0,,0.8,Groin injury - Expected back 22 Aug,True
240,Iroegbunam,Tim Iroegbunam,MID,9,50,72.0,2.0,2.12,3.2,6.28,11.84,6.0,0.046,1.1800000000000002,0.8,0.0,0.0,0.0,1.4,0.0,8.2,3.0,2.2,3.0,38.0,1.5,,68,2.3,0.0,a,,,0.1,,True
241,McNeil,Dwight McNeil,MID,9,55,13.2,0.6,0.86,1.4,5.0200000000000005,2.2,3.2,0.196,0.198,0.2,0.0,0.0,0.0,0.4,0.0,1.6,0.6,0.4,0.6,38.0,2.0,,53,2.4,0.0,a,,,0.1,,True
242,George,Tyrique George,MID,9,55,16.0,0.8,1.8800000000000001,5.8,8.8,4.04,6.0,0.22400000000000003,0.244,0.0,0.0,0.0,0.0,0.6,0.0,1.2,0.4,0.2,0.6,38.0,2.0,,16,1.1,0.0,a,,,0.1,,True
243,Alcaraz,Carlos Alcaraz Durán,MID,9,50,2.4,0.6,0.6799999999999999,1.2,3.4800000000000004,2.16,2.0,0.046,0.10600000000000001,0.0,0.0,0.0,0.0,0.4,0.0,1.2,0.2,0.6,0.4,38.0,1.5,,29,1.4,0.0,a,,,0.1,,True
244,Armstrong,Harrison Armstrong,MID,9,50,5.8,0.4,0.10000000000000017,0.0,0.62,0.27999999999999997,1.2,0.002,0.027999999999999997,0.0,0.0,0.0,0.0,0.2,0.0,0.0,0.0,0.0,0.0,38.0,1.5,,21,1.6,0.0,a,,,0.1,,True
245,Dibling,Tyler Dibling,MID,9,55,0.0,0.0,0.0,0.0,0.0,0.0,0.0,0.0,0.0,0.0,0.0,0.0,0.0,0.0,0.0,0.0,0.0,0.0,0.0,38.0,2.0,,18,1.3,0.0,a,,,0.1,,True
246,Röhl,Merlin Röhl,MID,9,50,63.4,3.6,1.94,6.0,4.24,9.08,10.0,0.062,1.018,0.8,0.2,0.2,0.0,1.4,0.4,4.0,1.4,1.0,1.6,38.0,1.5,,36,2.2,0.0,a,,,0.1,,True
247,Hackney,Hayden Hackney,MID,9,55,29.446280991735538,1.3173553719008264,1.4985123966942149,3.4991735537190083,6.0142148760330585,5.479338842975206,5.80495867768595,0.06743801652892562,0.49214876033057847,0.3256198347107438,0.021487603305785124,0.05619834710743802,0.0628099173553719,0.4859504132231405,0.07603305785123966,2.9950413223140493,0.6347107438016528,0.8396694214876033,1.6082644628099174,0.0,2.0,,0,0.0,0.0,a,,,0.3,,False
248,Beto,Norberto Bercique Gomes Betuncal,FWD,9,55,42.0,2.4,2.6,10.2,4.540000000000001,11.16,8.0,0.142,0.584,0.6,0.2,0.0,0.0,0.6,0.4,2.0,0.0,1.8,0.2,38.0,1.8,,104,2.8,0.0,a,,,3.3,,True
249,Barry,Thierno Barry,FWD,9,55,47.2,3.4,3.9,15.4,5.380000000000001,18.12,13.2,0.418,0.836,0.4,0.4,0.0,0.0,1.6,0.4,3.2,0.6,1.4,1.2,38.0,1.8,,95,2.5,0.0,a,,,0.9,,True
250,Leno,Bernd Leno,GK,10,45,90.0,4.2,2.1199999999999997,0.0,0.0,21.04,20.2,0.004,1.338,1.0,0.0,0.0,0.4,1.0,0.2,0.0,0.0,0.8,8.2,38.0,1.9,,122,3.2,0.0,a,,,3.1,,True
251,Lecomte,Benjamin Lecomte,GK,10,40,0.0,0.0,0.0,0.0,0.0,0.0,0.0,0.0,0.0,0.0,0.0,0.0,0.0,0.0,0.0,0.0,0.0,0.0,0.0,38.0,1.0,,0,0.0,0.0,a,,,1.5,,True
252,McNally,Alfie McNally,GK,10,40,0.0,0.0,0.0,0.0,0.0,0.0,0.0,0.0,0.0,0.0,0.0,0.0,0.0,0.0,0.0,0.0,0.0,0.0,0.0,38.0,1.0,,0,0.0,0.0,a,,,0.3,,True
253,Andersen,Joachim Andersen,DEF,10,50,46.2,2.4,1.3399999999999996,0.8,2.6799999999999997,10.6,6.2,0.016000000000000035,0.8540000000000001,0.6,0.0,0.0,0.2,0.8,0.6,5.6,1.4,4.2,1.4,38.0,0.0,,123,3.7,0.0,s,0.0,,0.1,Suspended until 29 Aug,True
254,Robinson,Antonee Robinson,DEF,10,45,73.8,4.2,3.7399999999999998,7.6,9.020000000000001,20.520000000000003,17.0,0.21799999999999997,1.214,0.8,0.2,0.0,0.2,1.0,0.6,6.4,2.4,4.0,6.2,38.0,1.7,,65,3.0,0.0,a,,,2.9,,True
255,J.Cuenca,Jorge Cuenca Barreno,DEF,10,45,0.8,0.0,0.1,0.0,0.02,1.0,0.0,0.0,0.022,0.0,0.0,0.0,0.0,0.0,0.0,0.6,0.0,0.6,0.0,38.0,1.7,,39,2.6,0.0,a,,,0.0,,True
256,Tete,Kenny Tete,DEF,10,45,0.0,0.0,0.0,0.0,0.0,0.0,0.0,0.0,0.0,0.0,0.0,0.0,0.0,0.0,0.0,0.0,0.0,0.0,0.0,38.0,1.7,,81,3.7,0.0,a,,,0.2,,True
257,Bassey,Calvin Bassey,DEF,10,45,90.0,3.4,2.78,0.8,9.38,17.6,19.2,0.016,1.338,1.0,0.0,0.0,0.4,1.0,0.0,5.8,2.2,3.6,5.0,38.0,1.7,,103,3.4,0.0,a,,,0.5,,True
258,Castagne,Timothy Castagne,DEF,10,45,88.4,4.2,4.0600000000000005,10.8,15.52,14.479999999999999,20.2,0.192,1.33,1.0,0.0,0.2,0.4,1.0,0.4,5.4,2.2,3.2,2.6,38.0,1.7,,61,2.0,0.0,a,,,0.2,,True
261,Iwobi,Alex Iwobi,MID,10,55,31.2,1.0,2.94,13.6,10.9,5.0,6.0,0.15599999999999997,0.20400000000000001,0.4,0.0,0.0,0.2,0.2,0.0,2.6,0.2,0.2,2.2,38.0,2.0,,103,3.6,0.0,a,,,0.9,,True
262,Smith Rowe,Emile Smith Rowe,MID,10,55,69.2,2.2,2.22,11.6,4.659999999999999,5.88,11.0,0.06999999999999999,0.998,1.0,0.0,0.0,0.4,0.8,0.0,5.6,2.0,1.0,2.6,38.0,2.0,,80,2.2,0.0,a,,,0.4,,True
263,Kevin,Kevin Santos Lopes de Macedo,MID,10,55,26.4,1.2,1.3599999999999999,7.4,3.0,3.0399999999999987,5.0,0.032,0.312,0.2,0.0,0.2,0.0,0.0,0.0,2.2,0.4,0.2,1.6,38.0,2.0,,49,1.9,0.0,a,,,0.1,,True
264,Bobb,Oscar Bobb,MID,10,55,43.4,1.6,2.88,9.2,13.52,5.92,7.4,0.17,0.462,0.4,0.0,0.0,0.2,0.2,0.0,2.8,1.0,0.4,1.4,38.0,2.0,,42,1.8,0.0,a,,,0.4,,True
265,Berge,Sander Berge,MID,10,50,45.0,1.4,1.8,4.0,9.84,4.400000000000001,5.4,0.08,0.316,0.6,0.0,0.0,0.4,0.2,0.0,3.4,0.6,1.0,1.8,38.0,1.5,,91,2.6,0.0,a,,,0.4,,True
266,Cairney,Tom Cairney,MID,10,50,26.2,1.8,2.6,3.0,11.440000000000001,11.48,9.4,0.092,0.186,0.2,0.2,0.0,0.0,0.2,0.0,2.6,0.4,0.8,1.4,38.0,1.5,,41,1.7,0.0,a,,,0.0,,True
267,Lukić,Saša Lukić,MID,10,50,72.0,2.6,3.4,9.2,12.38,12.479999999999999,13.2,0.11800000000000002,1.276,0.8,0.0,0.2,0.2,1.0,0.2,8.0,1.8,3.0,3.2,38.0,1.5,,67,2.6,0.0,a,,,0.1,,True
268,King,Josh King,MID,10,55,19.0,0.8,2.0,7.4,8.74,3.9600000000000017,5.8,0.05600000000000001,0.364,0.0,0.0,0.0,0.0,0.0,0.0,2.2,0.6,0.4,1.2,38.0,2.0,,63,2.0,0.0,a,,,0.1,,True
269,Sessegnon,Ryan Sessegnon,DEF,10,45,16.0,2.2,1.28,3.4,0.36,9.0,7.2,0.054000000000000006,0.12400000000000003,0.2,0.2,0.0,0.2,0.0,0.6,2.2,0.6,0.8,0.8,38.0,1.7,,95,3.5,0.0,a,,,0.4,,True
270,Reed,Harrison Reed,MID,10,45,12.6,0.4,0.58,0.0,5.08,0.6799999999999999,1.4,0.018,0.584,0.2,0.0,0.0,0.0,0.6,0.0,0.8,0.0,0.2,0.6,38.0,1.0,,15,2.1,0.0,a,,,1.1,,True
271,Muniz,Rodrigo Muniz Carvalho,FWD,10,55,53.6,1.4,1.52,14.2,0.7600000000000008,2.0799999999999996,3.2,0.23199999999999998,0.4780000000000001,0.6,0.0,0.0,0.2,0.4,0.0,1.8,0.8,0.6,0.4,38.0,1.8,,36,1.7,0.0,a,,,0.7,,True
272,Kusi-Asare,Jonah Kusi-Asare,FWD,10,45,3.8,0.4,0.04,0.0,0.12,0.4,1.6,0.0,0.06999999999999999,0.0,0.0,0.0,0.0,0.0,0.0,0.6,0.2,0.0,0.4,38.0,1.0,,6,0.9,0.0,a,,,8.3,,True
273,Phillips,Dillon Phillips,GK,11,40,17.419354838709676,0.6903225806451613,0.4612903225806451,0.0,0.0,4.594838709677419,3.0129032258064514,0.00025806451612903227,0.27541935483870966,0.1935483870967742,0.0,0.0,0.05806451612903226,0.23225806451612904,0.025806451612903222,0.0,0.0064516129032258064,0.1870967741935484,1.4129032258064516,0.0,1.0,,0,0.0,0.0,a,,,2.1,,False
274,Butland,Jack Butland,GK,11,45,17.419354838709676,0.6903225806451613,0.4612903225806451,0.0,0.0,4.594838709677419,3.0129032258064514,0.00025806451612903227,0.27541935483870966,0.1935483870967742,0.0,0.0,0.05806451612903226,0.23225806451612904,0.025806451612903222,0.0,0.0064516129032258064,0.1870967741935484,1.4129032258064516,0.0,1.9,,0,0.0,0.0,a,,,1.0,,False
275,Cartwright,Harvey Cartwright,GK,11,40,17.419354838709676,0.6903225806451613,0.4612903225806451,0.0,0.0,4.594838709677419,3.0129032258064514,0.00025806451612903227,0.27541935483870966,0.1935483870967742,0.0,0.0,0.05806451612903226,0.23225806451612904,0.025806451612903222,0.0,0.0064516129032258064,0.1870967741935484,1.4129032258064516,0.0,0.0,,0,0.0,0.0,u,0.0,,0.1,Has joined Grimsby Town on loan for the rest of the season,False
276,Lo-Tutala,Thimothée Lo-Tutala,GK,11,40,17.419354838709676,0.6903225806451613,0.4612903225806451,0.0,0.0,4.594838709677419,3.0129032258064514,0.00025806451612903227,0.27541935483870966,0.1935483870967742,0.0,0.0,0.05806451612903226,0.23225806451612904,0.025806451612903222,0.0,0.0064516129032258064,0.1870967741935484,1.4129032258064516,0.0,1.0,,0,0.0,0.0,a,,,0.2,,False
277,Egan,John Egan,DEF,11,40,30.31111111111111,1.1901234567901235,1.1790123456790123,1.9753086419753085,3.4790123456790125,6.311111111111111,4.567901234567901,0.03967901234567901,0.48980246913580244,0.34074074074074073,0.019753086419753086,0.029629629629629627,0.07407407407407407,0.471604938271605,0.07407407407407407,2.180246913580247,0.6222222222222222,1.5382716049382716,1.1876543209876544,0.0,1.0,,0,0.0,0.0,a,,,0.8,,False
278,Hughes,Charlie Hughes,DEF,11,40,30.31111111111111,1.1901234567901235,1.1790123456790123,1.9753086419753085,3.4790123456790125,6.311111111111111,4.567901234567901,0.03967901234567901,0.48980246913580244,0.34074074074074073,0.019753086419753086,0.029629629629629627,0.07407407407407407,0.471604938271605,0.07407407407407407,2.180246913580247,0.6222222222222222,1.5382716049382716,1.1876543209876544,0.0,0.0,,0,0.0,0.0,i,0.0,,1.5,Groin injury - Unknown return date,False
279,Ajayi,Semi Ajayi,DEF,11,40,30.31111111111111,1.1901234567901235,1.1790123456790123,1.9753086419753085,3.4790123456790125,6.311111111111111,4.567901234567901,0.03967901234567901,0.48980246913580244,0.34074074074074073,0.019753086419753086,0.029629629629629627,0.07407407407407407,0.471604938271605,0.07407407407407407,2.180246913580247,0.6222222222222222,1.5382716049382716,1.1876543209876544,0.0,1.0,,0,0.0,0.0,a,,,0.6,,False
280,Coyle,Lewie Coyle,DEF,11,40,30.31111111111111,1.1901234567901235,1.1790123456790123,1.9753086419753085,3.4790123456790125,6.311111111111111,4.567901234567901,0.03967901234567901,0.48980246913580244,0.34074074074074073,0.019753086419753086,0.029629629629629627,0.07407407407407407,0.471604938271605,0.07407407407407407,2.180246913580247,0.6222222222222222,1.5382716049382716,1.1876543209876544,0.0,1.0,,0,0.0,0.0,a,,,0.3,,False
281,Drameh,Cody Drameh,DEF,11,40,30.31111111111111,1.1901234567901235,1.1790123456790123,1.9753086419753085,3.4790123456790125,6.311111111111111,4.567901234567901,0.03967901234567901,0.48980246913580244,0.34074074074074073,0.019753086419753086,0.029629629629629627,0.07407407407407407,0.471604938271605,0.07407407407407407,2.180246913580247,0.6222222222222222,1.5382716049382716,1.1876543209876544,0.0,1.0,,0,0.0,0.0,a,,,0.1,,False
282,Giles,Ryan Giles,DEF,11,40,30.31111111111111,1.1901234567901235,1.1790123456790123,1.9753086419753085,3.4790123456790125,6.311111111111111,4.567901234567901,0.03967901234567901,0.48980246913580244,0.34074074074074073,0.019753086419753086,0.029629629629629627,0.07407407407407407,0.471604938271605,0.07407407407407407,2.180246913580247,0.6222222222222222,1.5382716049382716,1.1876543209876544,0.0,1.0,,0,0.0,0.0,a,,,0.6,,False
283,Jacob,Matty Jacob,DEF,11,40,30.31111111111111,1.1901234567901235,1.1790123456790123,1.9753086419753085,3.4790123456790125,6.311111111111111,4.567901234567901,0.03967901234567901,0.48980246913580244,0.34074074074074073,0.019753086419753086,0.029629629629629627,0.07407407407407407,0.471604938271605,0.07407407407407407,2.180246913580247,0.6222222222222222,1.5382716049382716,1.1876543209876544,0.0,0.8,,0,0.0,0.0,d,75.0,,0.1,Hip injury - 75% chance of playing,False
284,McCarthy,Cathal McCarthy,DEF,11,40,30.31111111111111,1.1901234567901235,1.1790123456790123,1.9753086419753085,3.4790123456790125,6.311111111111111,4.567901234567901,0.03967901234567901,0.48980246913580244,0.34074074074074073,0.019753086419753086,0.029629629629629627,0.07407407407407407,0.471604938271605,0.07407407407407407,2.180246913580247,0.6222222222222222,1.5382716049382716,1.1876543209876544,0.0,1.0,,0,0.0,0.0,a,,,0.1,,False
285,McNair,Paddy McNair,DEF,11,40,30.31111111111111,1.1901234567901235,1.1790123456790123,1.9753086419753085,3.4790123456790125,6.311111111111111,4.567901234567901,0.03967901234567901,0.48980246913580244,0.34074074074074073,0.019753086419753086,0.029629629629629627,0.07407407407407407,0.471604938271605,0.07407407407407407,2.180246913580247,0.6222222222222222,1.5382716049382716,1.1876543209876544,0.0,1.0,,0,0.0,0.0,a,,,0.1,,False
286,Belloumi,Mohamed Belloumi,MID,11,50,29.446280991735538,1.3173553719008264,1.4985123966942149,3.4991735537190083,6.0142148760330585,5.479338842975206,5.80495867768595,0.06743801652892562,0.49214876033057847,0.3256198347107438,0.021487603305785124,0.05619834710743802,0.0628099173553719,0.4859504132231405,0.07603305785123966,2.9950413223140493,0.6347107438016528,0.8396694214876033,1.6082644628099174,0.0,1.5,,0,0.0,0.0,a,,,0.6,,False
287,Millar,Liam Millar,MID,11,50,29.446280991735538,1.3173553719008264,1.4985123966942149,3.4991735537190083,6.0142148760330585,5.479338842975206,5.80495867768595,0.06743801652892562,0.49214876033057847,0.3256198347107438,0.021487603305785124,0.05619834710743802,0.0628099173553719,0.4859504132231405,0.07603305785123966,2.9950413223140493,0.6347107438016528,0.8396694214876033,1.6082644628099174,0.0,1.5,,0,0.0,0.0,a,,,0.1,,False
288,Dowell,Kieran Dowell,MID,11,45,5.720000000000001,0.16,0.22933333333333333,0.27999999999999997,0.94,1.0666666666666667,0.7866666666666667,0.010133333333333334,0.14026666666666668,0.05333333333333334,0.0,0.0,0.0,0.13333333333333333,0.0,0.6666666666666666,0.13333333333333333,0.32,0.21333333333333335,0.0,1.0,,0,0.0,0.0,a,,,0.5,,False
289,Crooks,Matt Crooks,MID,11,45,5.720000000000001,0.16,0.22933333333333333,0.27999999999999997,0.94,1.0666666666666667,0.7866666666666667,0.010133333333333334,0.14026666666666668,0.05333333333333334,0.0,0.0,0.0,0.13333333333333333,0.0,0.6666666666666666,0.13333333333333333,0.32,0.21333333333333335,0.0,1.0,,0,0.0,0.0,a,,,0.6,,False
290,Slater,Regan Slater,MID,11,45,5.720000000000001,0.16,0.22933333333333333,0.27999999999999997,0.94,1.0666666666666667,0.7866666666666667,0.010133333333333334,0.14026666666666668,0.05333333333333334,0.0,0.0,0.0,0.13333333333333333,0.0,0.6666666666666666,0.13333333333333333,0.32,0.21333333333333335,0.0,1.0,,0,0.0,0.0,a,,,1.8,,False
291,Matazo,Eliot Matazo,MID,11,45,5.720000000000001,0.16,0.22933333333333333,0.27999999999999997,0.94,1.0666666666666667,0.7866666666666667,0.010133333333333334,0.14026666666666668,0.05333333333333334,0.0,0.0,0.0,0.13333333333333333,0.0,0.6666666666666666,0.13333333333333333,0.32,0.21333333333333335,0.0,0.0,,0,0.0,0.0,i,0.0,,0.0,Knee injury - Unknown return date,False
292,Ömür,Abdülkadir Ömür,MID,11,50,29.446280991735538,1.3173553719008264,1.4985123966942149,3.4991735537190083,6.0142148760330585,5.479338842975206,5.80495867768595,0.06743801652892562,0.49214876033057847,0.3256198347107438,0.021487603305785124,0.05619834710743802,0.0628099173553719,0.4859504132231405,0.07603305785123966,2.9950413223140493,0.6347107438016528,0.8396694214876033,1.6082644628099174,0.0,1.5,,0,0.0,0.0,a,,,0.0,,False
293,Kamara,Abu Kamara,MID,11,50,29.446280991735538,1.3173553719008264,1.4985123966942149,3.4991735537190083,6.0142148760330585,5.479338842975206,5.80495867768595,0.06743801652892562,0.49214876033057847,0.3256198347107438,0.021487603305785124,0.05619834710743802,0.0628099173553719,0.4859504132231405,0.07603305785123966,2.9950413223140493,0.6347107438016528,0.8396694214876033,1.6082644628099174,0.0,1.5,,0,0.0,0.0,a,,,0.1,,False
294,Zambrano,Óscar Zambrano,MID,11,45,5.720000000000001,0.16,0.22933333333333333,0.27999999999999997,0.94,1.0666666666666667,0.7866666666666667,0.010133333333333334,0.14026666666666668,0.05333333333333334,0.0,0.0,0.0,0.13333333333333333,0.0,0.6666666666666666,0.13333333333333333,0.32,0.21333333333333335,0.0,1.0,,0,0.0,0.0,a,,,0.6,,False
295,McBurnie,Oli McBurnie,FWD,11,55,20.4,1.1800000000000002,1.497,7.42,2.962,4.794,4.45,0.1271,0.3792,0.17,0.08,0.030000000000000006,0.04,0.4,0.06999999999999999,1.1099999999999999,0.21000000000000002,0.38,0.52,0.0,1.8,,0,0.0,0.0,a,,,1.9,,False
296,Akintola,David Akintola,MID,11,50,29.446280991735538,1.3173553719008264,1.4985123966942149,3.4991735537190083,6.0142148760330585,5.479338842975206,5.80495867768595,0.06743801652892562,0.49214876033057847,0.3256198347107438,0.021487603305785124,0.05619834710743802,0.0628099173553719,0.4859504132231405,0.07603305785123966,2.9950413223140493,0.6347107438016528,0.8396694214876033,1.6082644628099174,0.0,1.5,,0,0.0,0.0,a,,,0.0,,False
297,Gyabi,Darko Gyabi,MID,11,45,0.0,0.0,0.0,0.0,0.0,0.0,0.0,0.0,0.0,0.0,0.0,0.0,0.0,0.0,0.0,0.0,0.0,0.0,0.0,38.0,1.0,,0,0.0,0.0,a,,,0.2,,True
298,Destan,Enis Destan,FWD,11,45,0.8875,0.1625,0.030000000000000002,0.125,0.03375,0.175,0.4875,0.00075,0.021625,0.0,0.0,0.0,0.0,0.025,0.0,0.1375,0.025,0.0625,0.05,0.0,1.0,,0,0.0,0.0,a,,,2.6,,False
299,Burstow,Mason Burstow,FWD,11,45,0.8875,0.1625,0.030000000000000002,0.125,0.03375,0.175,0.4875,0.00075,0.021625,0.0,0.0,0.0,0.0,0.025,0.0,0.1375,0.025,0.0625,0.05,0.0,0.0,,0,0.0,0.0,u,0.0,,1.0,Has joined Sheffield Wednesday on loan for the rest of the season,False
556,Targett,Matt Targett,DEF,11,40,0.0,0.0,0.0,0.0,0.0,0.0,0.0,0.0,0.0,0.0,0.0,0.0,0.0,0.0,0.0,0.0,0.0,0.0,0.0,38.0,1.0,,0,0.0,0.0,a,,,2.4,,True
563,Morita,Hidemasa Morita,MID,11,50,29.446280991735538,1.3173553719008264,1.4985123966942149,3.4991735537190083,6.0142148760330585,5.479338842975206,5.80495867768595,0.06743801652892562,0.49214876033057847,0.3256198347107438,0.021487603305785124,0.05619834710743802,0.0628099173553719,0.4859504132231405,0.07603305785123966,2.9950413223140493,0.6347107438016528,0.8396694214876033,1.6082644628099174,0.0,1.5,,0,0.0,0.0,a,,,0.1,,False
259,Diop,Issa Diop,DEF,12,40,44.0,3.6,1.8800000000000001,3.8,0.45999999999999996,14.559999999999999,10.8,0.158,0.45400000000000007,0.4,0.2,0.0,0.2,0.4,0.6,2.6,0.0,2.6,1.0,38.0,1.0,,31,2.4,0.0,a,,,20.0,,True
300,Walton,Christian Walton,GK,12,45,17.419354838709676,0.6903225806451613,0.4612903225806451,0.0,0.0,4.594838709677419,3.0129032258064514,0.00025806451612903227,0.27541935483870966,0.1935483870967742,0.0,0.0,0.05806451612903226,0.23225806451612904,0.025806451612903222,0.0,0.0064516129032258064,0.1870967741935484,1.4129032258064516,0.0,1.9,,0,0.0,0.0,a,,,0.6,,False
301,Palmer,Alex Palmer,GK,12,40,17.419354838709676,0.6903225806451613,0.4612903225806451,0.0,0.0,4.594838709677419,3.0129032258064514,0.00025806451612903227,0.27541935483870966,0.1935483870967742,0.0,0.0,0.05806451612903226,0.23225806451612904,0.025806451612903222,0.0,0.0064516129032258064,0.1870967741935484,1.4129032258064516,0.0,1.0,,0,0.0,0.0,a,,,5.8,,False
302,Button,David Button,GK,12,40,17.419354838709676,0.6903225806451613,0.4612903225806451,0.0,0.0,4.594838709677419,3.0129032258064514,0.00025806451612903227,0.27541935483870966,0.1935483870967742,0.0,0.0,0.05806451612903226,0.23225806451612904,0.025806451612903222,0.0,0.0064516129032258064,0.1870967741935484,1.4129032258064516,0.0,1.0,,0,0.0,0.0,a,,,0.6,,False
303,Kipré,Cédric Kipré,DEF,12,40,30.31111111111111,1.1901234567901235,1.1790123456790123,1.9753086419753085,3.4790123456790125,6.311111111111111,4.567901234567901,0.03967901234567901,0.48980246913580244,0.34074074074074073,0.019753086419753086,0.029629629629629627,0.07407407407407407,0.471604938271605,0.07407407407407407,2.180246913580247,0.6222222222222222,1.5382716049382716,1.1876543209876544,0.0,1.0,,0,0.0,0.0,a,,,0.3,,False
304,O'Shea,Dara O'Shea,DEF,12,40,30.31111111111111,1.1901234567901235,1.1790123456790123,1.9753086419753085,3.4790123456790125,6.311111111111111,4.567901234567901,0.03967901234567901,0.48980246913580244,0.34074074074074073,0.019753086419753086,0.029629629629629627,0.07407407407407407,0.471604938271605,0.07407407407407407,2.180246913580247,0.6222222222222222,1.5382716049382716,1.1876543209876544,0.0,1.0,,0,0.0,0.0,a,,,1.3,,False
305,Davis,Leif Davis,DEF,12,40,30.31111111111111,1.1901234567901235,1.1790123456790123,1.9753086419753085,3.4790123456790125,6.311111111111111,4.567901234567901,0.03967901234567901,0.48980246913580244,0.34074074074074073,0.019753086419753086,0.029629629629629627,0.07407407407407407,0.471604938271605,0.07407407407407407,2.180246913580247,0.6222222222222222,1.5382716049382716,1.1876543209876544,0.0,1.0,,0,0.0,0.0,a,,,3.5,,False
306,Greaves,Jacob Greaves,DEF,12,40,30.31111111111111,1.1901234567901235,1.1790123456790123,1.9753086419753085,3.4790123456790125,6.311111111111111,4.567901234567901,0.03967901234567901,0.48980246913580244,0.34074074074074073,0.019753086419753086,0.029629629629629627,0.07407407407407407,0.471604938271605,0.07407407407407407,2.180246913580247,0.6222222222222222,1.5382716049382716,1.1876543209876544,0.0,1.0,,0,0.0,0.0,a,,,0.5,,False
307,Johnson,Ben Johnson,DEF,12,40,30.31111111111111,1.1901234567901235,1.1790123456790123,1.9753086419753085,3.4790123456790125,6.311111111111111,4.567901234567901,0.03967901234567901,0.48980246913580244,0.34074074074074073,0.019753086419753086,0.029629629629629627,0.07407407407407407,0.471604938271605,0.07407407407407407,2.180246913580247,0.6222222222222222,1.5382716049382716,1.1876543209876544,0.0,1.0,,0,0.0,0.0,a,,,0.1,,False
308,Furlong,Darnell Furlong,DEF,12,40,30.31111111111111,1.1901234567901235,1.1790123456790123,1.9753086419753085,3.4790123456790125,6.311111111111111,4.567901234567901,0.03967901234567901,0.48980246913580244,0.34074074074074073,0.019753086419753086,0.029629629629629627,0.07407407407407407,0.471604938271605,0.07407407407407407,2.180246913580247,0.6222222222222222,1.5382716049382716,1.1876543209876544,0.0,1.0,,0,0.0,0.0,a,,,0.3,,False
309,Núñez,Marcelino Núñez,MID,12,50,29.446280991735538,1.3173553719008264,1.4985123966942149,3.4991735537190083,6.0142148760330585,5.479338842975206,5.80495867768595,0.06743801652892562,0.49214876033057847,0.3256198347107438,0.021487603305785124,0.05619834710743802,0.0628099173553719,0.4859504132231405,0.07603305785123966,2.9950413223140493,0.6347107438016528,0.8396694214876033,1.6082644628099174,0.0,1.5,,0,0.0,0.0,a,,,0.2,,False
310,Matusiwa,Azor Matusiwa,MID,12,50,29.446280991735538,1.3173553719008264,1.4985123966942149,3.4991735537190083,6.0142148760330585,5.479338842975206,5.80495867768595,0.06743801652892562,0.49214876033057847,0.3256198347107438,0.021487603305785124,0.05619834710743802,0.0628099173553719,0.4859504132231405,0.07603305785123966,2.9950413223140493,0.6347107438016528,0.8396694214876033,1.6082644628099174,0.0,0.0,,0,0.0,0.0,i,0.0,,0.1,Muscular injury - Unknown return date,False
311,Burns,Wes Burns,MID,12,50,29.446280991735538,1.3173553719008264,1.4985123966942149,3.4991735537190083,6.0142148760330585,5.479338842975206,5.80495867768595,0.06743801652892562,0.49214876033057847,0.3256198347107438,0.021487603305785124,0.05619834710743802,0.0628099173553719,0.4859504132231405,0.07603305785123966,2.9950413223140493,0.6347107438016528,0.8396694214876033,1.6082644628099174,0.0,1.5,,0,0.0,0.0,a,,,0.1,,False
312,Taylor,Jack Taylor,MID,12,45,5.720000000000001,0.16,0.22933333333333333,0.27999999999999997,0.94,1.0666666666666667,0.7866666666666667,0.010133333333333334,0.14026666666666668,0.05333333333333334,0.0,0.0,0.0,0.13333333333333333,0.0,0.6666666666666666,0.13333333333333333,0.32,0.21333333333333335,0.0,0.0,,0,0.0,0.0,i,0.0,,0.3,Knee injury - Unknown return date,False
313,Clarke,Jack Clarke,MID,12,55,29.446280991735538,1.3173553719008264,1.4985123966942149,3.4991735537190083,6.0142148760330585,5.479338842975206,5.80495867768595,0.06743801652892562,0.49214876033057847,0.3256198347107438,0.021487603305785124,0.05619834710743802,0.0628099173553719,0.4859504132231405,0.07603305785123966,2.9950413223140493,0.6347107438016528,0.8396694214876033,1.6082644628099174,0.0,2.0,,0,0.0,0.0,a,,,0.3,,False
314,Ogbene,Chiedozie Ogbene,MID,12,50,29.446280991735538,1.3173553719008264,1.4985123966942149,3.4991735537190083,6.0142148760330585,5.479338842975206,5.80495867768595,0.06743801652892562,0.49214876033057847,0.3256198347107438,0.021487603305785124,0.05619834710743802,0.0628099173553719,0.4859504132231405,0.07603305785123966,2.9950413223140493,0.6347107438016528,0.8396694214876033,1.6082644628099174,0.0,1.5,,0,0.0,0.0,a,,,0.0,,False
315,Fatawu,Abdul Fatawu,MID,12,55,29.446280991735538,1.3173553719008264,1.4985123966942149,3.4991735537190083,6.0142148760330585,5.479338842975206,5.80495867768595,0.06743801652892562,0.49214876033057847,0.3256198347107438,0.021487603305785124,0.05619834710743802,0.0628099173553719,0.4859504132231405,0.07603305785123966,2.9950413223140493,0.6347107438016528,0.8396694214876033,1.6082644628099174,0.0,2.0,,0,0.0,0.0,a,,,0.3,,False
316,Emersonn,Emersonn Correia da Silva,FWD,12,55,20.4,1.1800000000000002,1.497,7.42,2.962,4.794,4.45,0.1271,0.3792,0.17,0.08,0.030000000000000006,0.04,0.4,0.06999999999999999,1.1099999999999999,0.21000000000000002,0.38,0.52,0.0,1.8,,0,0.0,0.0,a,,,0.3,,False
317,Hirst,George Hirst,FWD,12,50,20.4,1.1800000000000002,1.497,7.42,2.962,4.794,4.45,0.1271,0.3792,0.17,0.08,0.030000000000000006,0.04,0.4,0.06999999999999999,1.1099999999999999,0.21000000000000002,0.38,0.52,0.0,1.4,,0,0.0,0.0,a,,,0.5,,False
318,Philogene,Jaden Philogene,MID,12,55,29.446280991735538,1.3173553719008264,1.4985123966942149,3.4991735537190083,6.0142148760330585,5.479338842975206,5.80495867768595,0.06743801652892562,0.49214876033057847,0.3256198347107438,0.021487603305785124,0.05619834710743802,0.0628099173553719,0.4859504132231405,0.07603305785123966,2.9950413223140493,0.6347107438016528,0.8396694214876033,1.6082644628099174,0.0,2.0,,0,0.0,0.0,a,,,0.2,,False
319,Szmodics,Sam Szmodics,MID,12,50,29.446280991735538,1.3173553719008264,1.4985123966942149,3.4991735537190083,6.0142148760330585,5.479338842975206,5.80495867768595,0.06743801652892562,0.49214876033057847,0.3256198347107438,0.021487603305785124,0.05619834710743802,0.0628099173553719,0.4859504132231405,0.07603305785123966,2.9950413223140493,0.6347107438016528,0.8396694214876033,1.6082644628099174,0.0,1.5,,0,0.0,0.0,a,,,0.1,,False
320,Akpom,Chuba Akpom,FWD,12,50,20.4,1.1800000000000002,1.497,7.42,2.962,4.794,4.45,0.1271,0.3792,0.17,0.08,0.030000000000000006,0.04,0.4,0.06999999999999999,1.1099999999999999,0.21000000000000002,0.38,0.52,0.0,1.4,,0,0.0,0.0,a,,,0.5,,False
321,Walle Egeli,Sindre Walle Egeli,FWD,12,45,0.8875,0.1625,0.030000000000000002,0.125,0.03375,0.175,0.4875,0.00075,0.021625,0.0,0.0,0.0,0.0,0.025,0.0,0.1375,0.025,0.0625,0.05,0.0,1.0,,0,0.0,0.0,a,,,2.3,,False
322,Al-Hamadi,Ali Al-Hamadi,FWD,12,50,20.4,1.1800000000000002,1.497,7.42,2.962,4.794,4.45,0.1271,0.3792,0.17,0.08,0.030000000000000006,0.04,0.4,0.06999999999999999,1.1099999999999999,0.21000000000000002,0.38,0.52,0.0,1.4,,0,0.0,0.0,a,,,0.2,,False
323,McAteer,Kasey McAteer,MID,12,45,5.720000000000001,0.16,0.22933333333333333,0.27999999999999997,0.94,1.0666666666666667,0.7866666666666667,0.010133333333333334,0.14026666666666668,0.05333333333333334,0.0,0.0,0.0,0.13333333333333333,0.0,0.6666666666666666,0.13333333333333333,0.32,0.21333333333333335,0.0,1.0,,0,0.0,0.0,a,,,1.7,,False
324,Mehmeti,Anis Mehmeti,MID,12,50,29.446280991735538,1.3173553719008264,1.4985123966942149,3.4991735537190083,6.0142148760330585,5.479338842975206,5.80495867768595,0.06743801652892562,0.49214876033057847,0.3256198347107438,0.021487603305785124,0.05619834710743802,0.0628099173553719,0.4859504132231405,0.07603305785123966,2.9950413223140493,0.6347107438016528,0.8396694214876033,1.6082644628099174,0.0,1.5,,0,0.0,0.0,a,,,0.1,,False
554,Van Oevelen,Kayne van Oevelen,GK,12,45,17.419354838709676,0.6903225806451613,0.4612903225806451,0.0,0.0,4.594838709677419,3.0129032258064514,0.00025806451612903227,0.27541935483870966,0.1935483870967742,0.0,0.0,0.05806451612903226,0.23225806451612904,0.025806451612903222,0.0,0.0064516129032258064,0.1870967741935484,1.4129032258064516,0.0,1.9,,0,0.0,0.0,a,,,0.1,,False
562,Maeda,Daizen Maeda,MID,12,55,29.446280991735538,1.3173553719008264,1.4985123966942149,3.4991735537190083,6.0142148760330585,5.479338842975206,5.80495867768595,0.06743801652892562,0.49214876033057847,0.3256198347107438,0.021487603305785124,0.05619834710743802,0.0628099173553719,0.4859504132231405,0.07603305785123966,2.9950413223140493,0.6347107438016528,0.8396694214876033,1.6082644628099174,0.0,2.0,,0,0.0,0.0,a,,,0.4,,False
564,Scherpen,Kjell Scherpen,GK,12,45,0.0,0.0,0.0,0.0,0.0,0.0,0.0,0.0,0.0,0.0,0.0,0.0,0.0,0.0,0.0,0.0,0.0,0.0,0.0,38.0,1.9,,0,0.0,0.0,a,,,0.2,,True
260,Wilson,Harry Wilson,MID,13,65,48.6,2.2,2.8600000000000003,5.6,14.64,8.28,8.6,0.146,0.938,0.6,0.0,0.2,0.2,0.8,0.0,3.2,0.8,1.2,1.2,38.0,2.3,,168,4.7,0.0,a,,,8.6,,True
326,Perri,Lucas Estella Perri,GK,13,45,0.0,0.0,0.0,0.0,0.0,0.0,0.0,0.0,0.0,0.0,0.0,0.0,0.0,0.0,0.0,0.0,0.0,0.0,0.0,38.0,1.9,,43,2.7,0.0,a,,,0.7,,True
327,Bijol,Jaka Bijol,DEF,13,50,80.4,4.6,3.8,3.2,4.6,29.919999999999998,14.8,0.024,1.538,1.0,0.0,0.2,0.2,0.8,0.2,11.4,0.4,11.0,1.6,38.0,2.2,,99,4.0,0.0,a,,,0.3,,True
329,Rodon,Joe Rodon,DEF,13,45,81.0,1.8,4.12,11.8,10.080000000000002,19.0,8.0,0.072,1.722,0.8,0.0,0.0,0.2,1.4,0.0,6.6,1.0,5.6,2.4,38.0,1.7,,109,3.1,0.0,a,,,1.8,,True
330,Bogle,Jayden Bogle,DEF,13,45,42.4,1.6,2.2399999999999998,2.0,9.919999999999998,10.320000000000002,7.2,0.11200000000000002,0.534,0.6,0.0,0.2,0.0,0.4,0.0,3.6,1.8,1.8,1.8,38.0,1.7,,96,2.8,0.0,a,,,0.4,,True
331,Gudmundsson,Gabriel Gudmundsson,DEF,13,45,18.0,0.2,0.76,0.8,2.999999999999999,3.88,2.0,0.11200000000000002,0.29000000000000004,0.2,0.0,0.0,0.0,0.4,0.0,1.6,0.4,1.2,0.2,38.0,1.7,,68,2.1,0.0,a,,,0.5,,True
332,Justin,James Justin,DEF,13,45,90.0,3.2,3.16,6.2,6.32,18.88,12.8,0.064,1.7919999999999998,1.0,0.0,0.0,0.2,1.4,0.0,8.4,3.6,4.8,3.0,38.0,1.7,,94,3.2,0.0,a,,,0.5,,True
333,Bornauw,Sebastiaan Bornauw,DEF,13,45,25.0,1.6,0.5599999999999999,1.8,0.13999999999999999,4.04,5.0,0.04,0.756,0.2,0.0,0.0,0.2,0.2,0.0,2.2,0.4,1.8,1.2,38.0,1.7,,25,2.1,0.0,a,,,0.0,,True
334,Muharemović,Tarik Muharemović,DEF,13,50,48.37931034482759,1.817241379310345,2.026206896551724,4.348275862068966,4.8837931034482756,11.00551724137931,6.6482758620689655,0.06762068965517241,0.7361379310344828,0.5482758620689655,0.013793103448275864,0.027586206896551727,0.11034482758620691,0.7551724137931034,0.07241379310344828,4.279310344827586,0.8724137931034484,3.382758620689655,1.8275862068965518,0.0,2.2,,0,0.0,0.0,a,,,1.3,,False
335,Stach,Anton Stach,MID,13,60,46.8,3.0,3.3,5.8,14.76,12.559999999999999,10.4,0.11199999999999999,0.764,0.6,0.2,0.0,0.2,0.4,0.6,4.2,1.6,1.0,1.6,38.0,2.1,,137,4.7,0.0,a,,,1.4,,True
336,Okafor,Noah Okafor,MID,13,60,25.4,2.4,2.16,7.2,5.7,8.559999999999999,6.8,0.13000000000000003,0.182,0.4,0.2,0.0,0.2,0.2,0.4,2.8,0.4,0.4,2.0,38.0,2.1,,109,3.9,0.0,a,,,0.7,,True
337,Aaronson,Brenden Aaronson,MID,13,55,62.4,1.4,3.2399999999999998,9.6,13.62,9.040000000000003,7.6,0.172,1.2579999999999998,0.8,0.0,0.0,0.0,0.8,0.0,5.0,0.8,1.6,2.6,38.0,2.0,,126,3.4,0.0,a,,,0.7,,True
338,Ampadu,Ethan Ampadu,MID,13,55,90.0,5.2,2.8,3.0,10.099999999999998,14.760000000000002,19.8,0.041999999999999996,1.7919999999999998,1.0,0.0,0.4,0.2,1.4,1.0,11.8,2.0,4.8,5.0,38.0,2.0,,134,3.8,0.0,a,,,1.4,,True
339,Longstaff,Sean Longstaff,MID,13,50,11.0,2.0,2.5,8.6,6.74,9.6,6.4,0.132,0.382,0.0,0.2,0.0,0.0,0.2,0.2,2.0,0.2,0.8,1.0,38.0,1.5,,56,2.4,0.0,a,,,0.2,,True
340,Gelhardt,Joe Gelhardt,MID,13,50,0.0,0.0,0.0,0.0,0.0,0.0,0.0,0.0,0.0,0.0,0.0,0.0,0.0,0.0,0.0,0.0,0.0,0.0,0.0,38.0,1.5,,0,0.0,0.0,a,,,0.0,,True
341,Gnonto,Wilfried Gnonto,MID,13,50,21.0,1.6,1.2399999999999998,2.8,5.5600000000000005,3.84,7.6,0.06,0.568,0.0,0.0,0.2,0.0,0.6,0.0,3.0,0.8,0.8,1.4,38.0,1.5,,32,1.4,0.0,a,,,0.1,,True
342,Harrison,Jack Harrison,MID,13,50,0.0,0.0,0.0,0.0,0.0,0.0,0.0,0.0,0.0,0.0,0.0,0.0,0.0,0.0,0.0,0.0,0.0,0.0,0.0,38.0,0.0,,12,1.1,0.0,u,0.0,,0.0,Has joined New England Revolution permanently,True
343,James,Daniel James,MID,13,50,28.4,1.0,1.48,6.0,3.96,4.720000000000001,4.2,0.064,0.772,0.4,0.0,0.0,0.0,0.6,0.0,1.8,0.4,1.2,0.2,38.0,1.5,,23,1.2,0.0,a,,,0.1,,True
344,Gruev,Ilia Gruev,MID,13,50,0.0,0.0,0.0,0.0,0.0,0.0,0.0,0.0,0.0,0.0,0.0,0.0,0.0,0.0,0.0,0.0,0.0,0.0,0.0,38.0,1.5,,56,2.4,0.0,a,,,0.0,,True
345,Tanaka,Tanaka Ao,MID,13,50,77.0,3.6,2.0200000000000005,1.8,9.2,9.0,16.2,0.050000000000000024,1.3719999999999999,1.0,0.0,0.2,0.0,1.0,0.4,9.8,1.6,2.4,5.8,38.0,1.5,,67,2.4,0.0,a,,,0.3,,True
346,Calvert-Lewin,Dominic Calvert-Lewin,FWD,13,60,85.6,4.8,5.4399999999999995,21.2,10.0,23.080000000000002,17.4,0.37600000000000006,1.6199999999999999,1.0,0.6,0.0,0.2,1.0,0.8,3.8,0.0,2.2,1.6,38.0,2.0,,142,4.1,0.0,a,,,21.3,,True
347,Nmecha,Lukas Nmecha,FWD,13,55,39.6,1.2,3.4200000000000004,16.6,11.76,5.92,5.8,0.32599999999999996,1.012,0.2,0.0,0.0,0.0,1.0,0.0,3.0,0.8,0.6,1.6,38.0,1.8,,73,2.4,0.0,a,,,0.6,,True
348,Piroe,Joël Piroe,FWD,13,50,5.8,0.6,0.54,4.8,0.24,0.6,1.6,0.018,0.30199999999999994,0.0,0.0,0.0,0.0,0.4,0.0,0.6,0.2,0.2,0.2,38.0,1.4,,17,1.1,0.0,a,,,0.5,,True
349,Mateo Joseph,Mateo Joseph Fernández-Regatillo,FWD,13,45,0.0,0.0,0.0,0.0,0.0,0.0,0.0,0.0,0.0,0.0,0.0,0.0,0.0,0.0,0.0,0.0,0.0,0.0,0.0,38.0,0.0,,0,0.0,0.0,i,0.0,,0.3,Knee injury - Unknown return date,True
350,A.Becker,Alisson Becker,GK,14,55,18.0,0.4,0.22000000000000003,0.0,0.0,2.2800000000000002,1.4,0.0,0.312,0.2,0.0,0.0,0.0,0.2,0.0,0.0,0.0,0.0,1.6,38.0,3.3,,91,3.5,0.0,a,,,4.1,,True
351,Mamardashvili,Giorgi Mamardashvili,GK,14,50,36.0,0.6,1.2,0.0,0.0,12.0,3.8,0.0,0.47000000000000003,0.4,0.0,0.0,0.0,1.0,0.0,0.0,0.2,0.2,3.4,38.0,2.6,,34,3.4,0.0,a,,,0.2,,True
352,Woodman,Freddie Woodman,GK,14,40,36.0,1.0,1.48,0.0,0.0,14.84,5.4,0.0,0.9199999999999999,0.4,0.0,0.0,0.0,0.8,0.0,0.0,0.0,0.6,3.8,38.0,1.0,,6,2.0,0.0,a,,,1.3,,True
353,Pecsi,Armin Pecsi,GK,14,40,0.0,0.0,0.0,0.0,0.0,0.0,0.0,0.0,0.0,0.0,0.0,0.0,0.0,0.0,0.0,0.0,0.0,0.0,0.0,38.0,1.0,,0,0.0,0.0,a,,,0.1,,True
354,Jaros,Vitezslav Jaros,GK,14,40,17.419354838709676,0.6903225806451613,0.4612903225806451,0.0,0.0,4.594838709677419,3.0129032258064514,0.00025806451612903227,0.27541935483870966,0.1935483870967742,0.0,0.0,0.05806451612903226,0.23225806451612904,0.025806451612903222,0.0,0.0064516129032258064,0.1870967741935484,1.4129032258064516,0.0,0.0,,0,0.0,0.0,i,0.0,,0.0,Knee injury - Unknown return date,False
355,Davies,Harvey Davies,GK,14,40,17.419354838709676,0.6903225806451613,0.4612903225806451,0.0,0.0,4.594838709677419,3.0129032258064514,0.00025806451612903227,0.27541935483870966,0.1935483870967742,0.0,0.0,0.05806451612903226,0.23225806451612904,0.025806451612903222,0.0,0.0064516129032258064,0.1870967741935484,1.4129032258064516,0.0,1.0,,0,0.0,0.0,a,,,0.1,,False
356,Virgil,Virgil van Dijk,DEF,14,65,90.0,4.6,5.06,13.2,3.6199999999999988,33.67999999999999,12.2,0.19800000000000004,1.702,1.0,0.4,0.0,0.0,2.0,0.0,8.0,0.0,8.0,2.6,38.0,3.1,,175,4.6,0.0,a,,,16.2,,True
357,Frimpong,Jeremie Frimpong,DEF,14,55,42.2,1.0,1.86,9.4,6.1,3.04,2.0,0.042,0.8140000000000001,0.4,0.0,0.0,0.0,0.8,0.0,0.4,0.4,0.0,2.0,38.0,2.5,,63,3.0,0.0,a,,,3.0,,True
358,Kerkez,Milos Kerkez,DEF,14,55,44.2,1.0,1.2600000000000002,0.8,6.88,4.840000000000001,3.8,0.014000000000000002,0.626,0.4,0.0,0.0,0.0,1.2,0.0,1.8,0.2,1.6,2.0,38.0,2.5,,85,2.5,0.0,a,,,5.9,,True
359,Gomez,Joe Gomez,DEF,14,50,16.4,0.4,0.38,1.0,1.2399999999999998,1.64,0.6,0.014000000000000002,0.25799999999999995,0.2,0.0,0.0,0.0,0.4,0.0,1.4,0.4,1.0,0.4,38.0,0.0,,33,1.6,0.0,i,0.0,,0.1,Muscular injury - Unknown return date,True
360,Bradley,Conor Bradley,DEF,14,50,0.0,0.0,0.0,0.0,0.0,0.0,0.0,0.0,0.0,0.0,0.0,0.0,0.0,0.0,0.0,0.0,0.0,0.0,0.0,38.0,0.0,,42,2.8,0.0,i,0.0,,0.0,Knee injury - Unknown return date,True
361,Lucky,Wellity Lucky,DEF,14,40,0.0,0.0,0.0,0.0,0.0,0.0,0.0,0.0,0.0,0.0,0.0,0.0,0.0,0.0,0.0,0.0,0.0,0.0,0.0,38.0,1.0,,0,0.0,0.0,a,,,0.1,,True
362,Jacquet,Jeremy Jacquet,DEF,14,50,48.37931034482759,1.817241379310345,2.026206896551724,4.348275862068966,4.8837931034482756,11.00551724137931,6.6482758620689655,0.06762068965517241,0.7361379310344828,0.5482758620689655,0.013793103448275864,0.027586206896551727,0.11034482758620691,0.7551724137931034,0.07241379310344828,4.279310344827586,0.8724137931034484,3.382758620689655,1.8275862068965518,0.0,2.2,,0,0.0,0.0,a,100.0,,2.0,,False
363,Leoni,Giovanni Leoni,DEF,14,40,0.0,0.0,0.0,0.0,0.0,0.0,0.0,0.0,0.0,0.0,0.0,0.0,0.0,0.0,0.0,0.0,0.0,0.0,0.0,38.0,0.0,,0,0.0,0.0,i,0.0,,0.1,Knee injury - Unknown return date,True
364,Tsimikas,Kostas Tsimikas,DEF,14,50,48.37931034482759,1.817241379310345,2.026206896551724,4.348275862068966,4.8837931034482756,11.00551724137931,6.6482758620689655,0.06762068965517241,0.7361379310344828,0.5482758620689655,0.013793103448275864,0.027586206896551727,0.11034482758620691,0.7551724137931034,0.07241379310344828,4.279310344827586,0.8724137931034484,3.382758620689655,1.8275862068965518,0.0,2.2,,0,0.0,0.0,a,,,0.1,,False
365,Ramsay,Calvin Ramsay,DEF,14,40,0.0,0.0,0.0,0.0,0.0,0.0,0.0,0.0,0.0,0.0,0.0,0.0,0.0,0.0,0.0,0.0,0.0,0.0,0.0,38.0,1.0,,0,0.0,0.0,a,,,0.2,,True
366,Wirtz,Florian Wirtz,MID,14,75,44.2,2.4,3.54,14.4,10.14,10.6,8.6,0.22800000000000004,1.2159999999999997,0.4,0.2,0.0,0.0,1.2,0.2,3.6,0.6,0.6,2.4,38.0,2.6,,125,3.8,0.0,a,,,11.8,,True
367,Gakpo,Cody Gakpo,MID,14,70,83.8,2.8,3.8800000000000012,16.2,11.96,10.719999999999999,6.0,0.2720000000000001,1.682,1.0,0.2,0.0,0.0,1.8,0.0,3.4,0.2,1.2,2.0,38.0,2.5,,131,3.6,0.0,a,,,3.5,,True
368,Szoboszlai,Dominik Szoboszlai,MID,14,70,90.0,5.4,10.18,18.4,54.36,29.0,26.4,0.446,1.702,1.0,0.2,0.6,0.0,2.0,0.8,6.4,1.6,1.2,3.6,38.0,2.5,,160,4.4,0.0,a,,,47.6,,True
369,Ngumoha,Rio Ngumoha,MID,14,60,48.6,2.2,2.9,8.2,13.7,7.08,8.0,0.11200000000000002,0.6960000000000001,0.6,0.0,0.2,0.0,1.4,0.2,2.4,0.4,0.6,1.4,38.0,2.1,,43,2.3,0.0,a,,,1.7,,True
370,Chiesa,Federico Chiesa,MID,14,55,8.0,0.6,0.76,7.0,0.12,0.44000000000000006,2.0,0.018,0.21799999999999997,0.0,0.0,0.0,0.0,0.4,0.0,0.2,0.0,0.0,0.2,38.0,2.0,,37,1.4,0.0,a,,,0.2,,True
371,Gravenberch,Ryan Gravenberch,MID,14,60,67.6,3.4,3.6799999999999997,9.2,11.760000000000002,15.879999999999999,15.0,0.078,1.024,0.8,0.2,0.0,0.0,1.4,0.6,4.8,1.2,2.0,1.6,38.0,2.1,,144,4.0,0.0,a,,,1.9,,True
372,Mac Allister,Alexis Mac Allister,MID,14,55,90.0,4.2,5.0600000000000005,12.2,21.98,17.32,17.8,0.168,1.702,1.0,0.0,0.4,0.0,2.0,0.6,7.6,2.0,1.8,3.8,38.0,2.0,,108,2.9,0.0,a,,,1.9,,True
373,C.Jones,Curtis Jones,MID,14,55,89.2,4.4,4.720000000000001,8.4,13.9,25.0,22.4,0.18399999999999997,1.702,1.0,0.2,0.2,0.0,2.0,0.6,10.2,1.8,2.8,5.6,38.0,2.0,,81,2.4,0.0,a,,,0.1,,True
374,Endo,Endo Wataru,MID,14,50,0.0,0.0,0.0,0.0,0.0,0.0,0.0,0.0,0.0,0.0,0.0,0.0,0.0,0.0,0.0,0.0,0.0,0.0,0.0,38.0,1.1,,12,1.5,0.0,d,75.0,,0.0,Ankle injury - 75% chance of playing,True
375,Nyoni,Trey Nyoni,MID,14,50,1.4,0.2,0.06,0.0,0.13999999999999999,0.36,0.4,0.002,0.088,0.0,0.0,0.0,0.0,0.0,0.0,0.6,0.2,0.0,0.4,38.0,1.5,,6,1.0,0.0,a,,,0.1,,True
376,Bajcetic,Stefan Bajčetić Maquieira,MID,14,50,0.0,0.0,0.0,0.0,0.0,0.0,0.0,0.0,0.0,0.0,0.0,0.0,0.0,0.0,0.0,0.0,0.0,0.0,0.0,38.0,0.0,,0,0.0,0.0,i,0.0,,0.0,Hamstring injury - Expected back 23 Aug,True
377,Munoz,Victor Munoz,MID,14,65,47.87407407407407,2.548148148148148,3.3574074074074076,10.411111111111111,12.292592592592591,10.88888888888889,9.829629629629629,0.18355555555555558,0.7384814814814815,0.5333333333333333,0.12222222222222223,0.1,0.13703703703703704,0.7444444444444445,0.24074074074074073,3.6555555555555554,0.7481481481481481,0.8851851851851852,2.0407407407407407,0.0,2.3,,0,0.0,0.0,a,,,0.8,,False
378,McConnell,James McConnell,MID,14,45,0.0,0.0,0.0,0.0,0.0,0.0,0.0,0.0,0.0,0.0,0.0,0.0,0.0,0.0,0.0,0.0,0.0,0.0,0.0,38.0,1.0,,0,0.0,0.0,a,,,0.2,,True
379,Isak,Alexander Isak,FWD,14,90,20.2,1.8,1.3800000000000001,5.8,0.22000000000000003,7.760000000000001,7.4,0.088,0.41,0.2,0.2,0.0,0.0,0.2,0.4,1.0,0.2,0.4,0.4,38.0,2.7,,41,2.9,0.0,a,,,11.3,,True
380,Ekitiké,Hugo Ekitiké,FWD,14,75,0.0,0.0,0.0,0.0,0.0,0.0,0.0,0.0,0.0,0.0,0.0,0.0,0.0,0.0,0.0,0.0,0.0,0.0,0.0,38.0,0.0,,125,4.5,0.0,i,0.0,,0.2,Achilles injury - Unknown return date,True
381,Koumas,Lewis Koumas,MID,14,50,29.446280991735538,1.3173553719008264,1.4985123966942149,3.4991735537190083,6.0142148760330585,5.479338842975206,5.80495867768595,0.06743801652892562,0.49214876033057847,0.3256198347107438,0.021487603305785124,0.05619834710743802,0.0628099173553719,0.4859504132231405,0.07603305785123966,2.9950413223140493,0.6347107438016528,0.8396694214876033,1.6082644628099174,0.0,1.5,,0,0.0,0.0,a,,,0.0,,False
382,Danns,Jayden Danns,FWD,14,45,0.0,0.0,0.0,0.0,0.0,0.0,0.0,0.0,0.0,0.0,0.0,0.0,0.0,0.0,0.0,0.0,0.0,0.0,0.0,38.0,0.0,,0,0.0,0.0,i,0.0,,0.1,Unspecified injury - Unknown return date,True
383,Elliott,Harvey Elliott,MID,14,55,0.0,0.0,0.0,0.0,0.0,0.0,0.0,0.0,0.0,0.0,0.0,0.0,0.0,0.0,0.0,0.0,0.0,0.0,0.0,38.0,2.0,,5,1.0,0.0,a,,,0.1,,True
238,Grealish,Jack Grealish,MID,15,65,0.0,0.0,0.0,0.0,0.0,0.0,0.0,0.0,0.0,0.0,0.0,0.0,0.0,0.0,0.0,0.0,0.0,0.0,0.0,38.0,1.7,,79,4.0,0.0,d,75.0,,0.2,Foot injury - 75% chance of playing,True
384,Donnarumma,Gianluigi Donnarumma,GK,15,55,72.0,3.2,1.7799999999999998,0.4,2.06,15.360000000000003,12.2,0.026000000000000002,1.136,0.8,0.0,0.0,0.4,0.8,0.4,0.0,0.0,0.8,5.8,38.0,3.3,,135,4.0,0.0,a,,,11.1,,True
385,Trafford,James Trafford,GK,15,50,18.0,0.4,0.36,0.0,0.0,3.56,1.0,0.0,0.354,0.2,0.0,0.0,0.0,0.4,0.0,0.0,0.0,0.0,0.4,38.0,2.6,,13,3.2,0.0,a,,,1.4,,True
386,Bettinelli,Marcus Bettinelli,GK,15,45,0.0,0.0,0.0,0.0,0.0,0.0,0.0,0.0,0.0,0.0,0.0,0.0,0.0,0.0,0.0,0.0,0.0,0.0,0.0,38.0,1.9,,0,0.0,0.0,a,,,0.0,,True
387,O'Reilly,Nico O'Reilly,DEF,15,65,54.0,1.6,2.8,14.2,6.4,7.359999999999999,5.4,0.23399999999999999,1.0,0.6,0.0,0.0,0.2,0.8,0.0,2.4,0.4,2.0,3.0,38.0,3.1,,160,4.7,0.0,a,,,22.9,,True
388,Guéhi,Marc Guéhi,DEF,15,60,72.0,4.2,3.2800000000000002,4.0,8.140000000000004,20.64,16.6,0.07,1.136,0.8,0.0,0.2,0.4,0.8,0.2,5.6,1.0,4.6,2.6,38.0,2.8,,179,5.1,0.0,a,,,24.0,,True
389,Matheus N.,Matheus Nunes,DEF,15,60,65.4,1.8,2.56,2.4,10.879999999999999,12.080000000000002,10.2,0.022000000000000002,1.0819999999999999,0.8,0.0,0.0,0.2,0.8,0.0,4.2,1.2,3.0,4.4,38.0,2.8,,154,4.5,0.0,a,,,5.0,,True
390,Rúben,Rúben dos Santos Gato Alves Dias,DEF,15,55,18.0,0.2,0.48,0.0,2.54,2.32,1.2,0.004000000000000005,0.354,0.2,0.0,0.0,0.0,0.4,0.0,0.6,0.0,0.6,0.6,38.0,2.5,,113,4.3,0.0,a,,,1.4,,True
391,Gvardiol,Joško Gvardiol,DEF,15,55,13.8,0.4,0.9,5.0,0.96,2.88,2.4,0.023999999999999976,0.152,0.2,0.0,0.0,0.0,0.0,0.0,0.8,0.0,0.8,0.2,38.0,2.5,,79,4.4,0.0,a,,,10.7,,True
392,Aït-Nouri,Rayan Aït-Nouri,DEF,15,55,20.6,1.4,1.26,4.0,6.42,2.2,4.4,0.06400000000000002,0.20600000000000002,0.2,0.0,0.0,0.2,0.0,0.0,1.0,0.8,0.2,0.6,38.0,2.5,,60,3.5,0.0,a,,,0.9,,True
393,Khusanov,Abdukodir Khusanov,DEF,15,55,54.0,2.2,1.42,1.4,2.4400000000000004,10.48,8.8,0.182,1.0879999999999999,0.6,0.0,0.0,0.2,0.8,0.0,3.4,0.8,2.6,3.0,38.0,2.5,,67,3.2,0.0,a,,,2.0,,True
394,Alleyne,Max Alleyne,DEF,15,50,0.0,0.0,0.0,0.0,0.0,0.0,0.0,0.0,0.0,0.0,0.0,0.0,0.0,0.0,0.0,0.0,0.0,0.0,0.0,38.0,2.2,,5,2.5,0.0,a,,,0.0,,True
395,Lewis,Rico Lewis,DEF,15,45,18.0,0.0,0.62,2.4,3.04,0.6799999999999999,-0.6,0.032,0.354,0.2,0.0,0.0,0.0,0.4,0.0,0.0,0.0,0.0,1.0,38.0,1.7,,19,1.7,0.0,a,,,0.2,,True
396,Vitor Reis,Vitor de Oliveira Nunes dos Reis,DEF,15,45,0.0,0.0,0.0,0.0,0.0,0.0,0.0,0.0,0.0,0.0,0.0,0.0,0.0,0.0,0.0,0.0,0.0,0.0,0.0,38.0,1.7,,0,0.0,0.0,a,,,0.0,,True
397,Semenyo,Antoine Semenyo,MID,15,85,73.2,4.2,6.0200000000000005,25.0,13.8,21.28,15.2,0.202,0.746,1.0,0.4,0.0,0.4,0.8,0.2,3.6,0.6,1.2,1.8,38.0,2.9,,202,5.5,0.0,a,,,22.0,,True
398,Foden,Phil Foden,MID,15,70,50.2,3.4,5.34,15.4,24.119999999999997,14.039999999999997,13.2,0.28600000000000003,0.966,0.4,0.0,0.4,0.2,0.6,0.6,4.0,0.8,0.2,3.0,38.0,2.5,,131,4.0,0.0,a,,,7.6,,True
399,Cherki,Rayan Cherki,MID,15,75,45.2,2.4,4.66,12.6,23.479999999999997,10.64,9.4,0.266,1.1219999999999999,0.4,0.0,0.4,0.0,0.8,0.0,1.8,0.4,0.2,1.2,38.0,2.6,,135,4.1,0.0,a,,,9.4,,True
400,Doku,Jérémy Doku,MID,15,75,59.8,6.0,10.2,33.8,35.56,32.6,27.2,0.294,0.9619999999999997,0.6,0.6,0.0,0.2,0.8,1.2,3.0,0.8,0.6,1.6,38.0,2.6,,120,4.0,0.0,a,,,6.4,,True
401,Marmoush,Omar Marmoush,FWD,15,70,25.0,3.2,2.8,11.0,2.6799999999999984,14.2,12.0,0.13,0.26799999999999996,0.2,0.4,0.0,0.2,0.0,0.2,1.4,0.2,0.0,1.2,38.0,2.2,,56,2.7,0.0,a,,,0.7,,True
402,Rodrigo,Rodrigo 'Rodri' Hernandez Cascante,MID,15,65,18.0,1.4,1.3,4.0,5.8,3.2399999999999998,5.4,0.09599999999999997,0.398,0.2,0.0,0.2,0.0,0.2,0.2,2.4,0.4,0.4,1.6,38.0,0.0,,69,3.3,0.0,i,0.0,,0.1,Back injury - Unknown return date,True
403,Savinho,Sávio Moreira de Oliveira,MID,15,65,43.0,2.6,3.2399999999999998,12.4,10.42,9.440000000000001,7.8,0.18200000000000002,0.764,0.4,0.2,0.0,0.2,0.4,0.2,1.6,0.4,0.0,1.2,38.0,2.3,,43,1.8,0.0,a,,,0.1,,True
404,Reijnders,Tijjani Reijnders,MID,15,60,27.0,1.2,0.9400000000000001,8.2,1.56,0.12,2.4,0.146,0.308,0.4,0.0,0.2,0.0,0.4,0.0,1.0,0.0,0.2,0.8,38.0,2.1,,92,3.3,0.0,a,,,0.4,,True
405,N.Gonzalez,Nico González Iglesias,MID,15,55,32.8,1.2,1.2800000000000002,1.4,6.640000000000001,4.8,6.4,0.04,0.6759999999999999,0.4,0.0,0.0,0.0,0.8,0.0,3.8,0.8,1.2,1.8,38.0,2.0,,63,2.5,0.0,a,,,0.1,,True
406,Kovačić,Mateo Kovačić,MID,15,55,22.4,1.4,2.1399999999999997,0.6,12.38,8.32,6.8,0.10400000000000001,0.676,0.2,0.0,0.2,0.0,0.6,0.0,3.6,0.4,1.2,2.0,38.0,2.0,,9,1.5,0.0,a,,,0.0,,True
407,Echeverri,Claudio Echeverri,MID,15,50,0.0,0.0,0.0,0.0,0.0,0.0,0.0,0.0,0.0,0.0,0.0,0.0,0.0,0.0,0.0,0.0,0.0,0.0,0.0,38.0,1.5,,0,0.0,0.0,a,,,0.0,,True
408,Phillips,Kalvin Phillips,MID,15,50,0.0,0.0,0.0,0.0,0.0,0.0,0.0,0.0,0.0,0.0,0.0,0.0,0.0,0.0,0.0,0.0,0.0,0.0,0.0,38.0,1.5,,0,0.0,0.0,a,,,0.0,,True
409,Mukasa,Divine Mukasa,MID,15,45,0.0,0.0,0.0,0.0,0.0,0.0,0.0,0.0,0.0,0.0,0.0,0.0,0.0,0.0,0.0,0.0,0.0,0.0,0.0,38.0,1.0,,2,1.0,0.0,a,,,0.1,,True
410,Monga,Jeremy Monga,MID,15,50,29.446280991735538,1.3173553719008264,1.4985123966942149,3.4991735537190083,6.0142148760330585,5.479338842975206,5.80495867768595,0.06743801652892562,0.49214876033057847,0.3256198347107438,0.021487603305785124,0.05619834710743802,0.0628099173553719,0.4859504132231405,0.07603305785123966,2.9950413223140493,0.6347107438016528,0.8396694214876033,1.6082644628099174,0.0,1.5,,0,0.0,0.0,a,,,0.0,,False
411,Haaland,Erling Haaland,FWD,15,155,54.0,5.4,6.879999999999998,34.0,7.5200000000000005,27.080000000000002,21.4,0.52,1.0,0.6,0.6,0.2,0.2,0.8,1.2,1.2,0.0,0.6,0.6,38.0,4.0,,239,6.8,0.0,a,,,75.0,,True
481,Anderson,Elliot Anderson,MID,15,65,75.8,7.2,6.840000000000001,11.4,19.84,37.120000000000005,26.6,0.296,1.718,0.8,0.4,0.4,0.2,1.2,1.2,11.8,2.0,3.8,6.0,38.0,2.3,,180,4.7,0.0,a,,,11.8,,True
43,Tielemans,Youri Tielemans,MID,16,60,71.8,2.2,3.18,6.4,12.060000000000002,13.2,15.6,0.11399999999999999,1.0159999999999998,0.8,0.0,0.0,0.0,1.2,0.0,8.0,2.4,1.8,3.8,38.0,1.6,,68,2.7,0.0,d,75.0,,0.9,Hamstring injury - 75% chance of playing,True
162,Andrey Santos,Andrey Nascimento dos Santos,MID,16,50,36.8,2.6,2.0,5.2,2.9800000000000004,11.680000000000001,14.2,0.06000000000000001,0.45600000000000007,0.4,0.2,0.0,0.0,0.4,0.6,3.2,1.6,0.0,1.6,38.0,1.5,,47,1.7,0.0,a,,,1.5,,True
325,Darlow,Karl Darlow,GK,16,45,90.0,3.8,3.0999999999999996,0.0,0.0,31.0,17.0,0.002,1.7920000000000003,1.0,0.0,0.0,0.2,1.4,0.6,0.0,0.2,1.6,9.0,38.0,1.5,,71,3.2,0.0,d,75.0,,0.1,Unspecified injury - 75% chance of playing,True
412,Lammens,Senne Lammens,GK,16,50,90.0,4.2,2.48,0.0,0.0,24.92,16.6,0.0,1.248,1.0,0.0,0.0,0.4,1.0,0.4,0.0,0.0,0.8,7.0,38.0,2.6,,109,3.4,0.0,a,,,20.2,,True
413,Bayindir,Altay Bayındır,GK,16,45,0.0,0.0,0.0,0.0,0.0,0.0,0.0,0.0,0.0,0.0,0.0,0.0,0.0,0.0,0.0,0.0,0.0,0.0,0.0,38.0,1.9,,11,1.8,0.0,a,,,0.2,,True
414,Heaton,Tom Heaton,GK,16,40,0.0,0.0,0.0,0.0,0.0,0.0,0.0,0.0,0.0,0.0,0.0,0.0,0.0,0.0,0.0,0.0,0.0,0.0,0.0,38.0,1.0,,0,0.0,0.0,a,,,0.3,,True
415,Dorgu,Patrick Dorgu,MID,16,60,22.2,4.2,3.6799999999999997,15.8,8.02,13.319999999999999,12.0,0.19,0.166,0.2,0.2,0.2,0.2,0.0,0.6,0.6,0.2,0.4,1.0,38.0,2.1,,95,3.7,0.0,a,,,1.8,,True
416,De Ligt,Matthijs de Ligt,DEF,16,50,0.0,0.0,0.0,0.0,0.0,0.0,0.0,0.0,0.0,0.0,0.0,0.0,0.0,0.0,0.0,0.0,0.0,0.0,0.0,38.0,0.0,,43,3.3,0.0,i,0.0,,0.0,Back injury - Unknown return date,True
417,Dalot,Diogo Dalot Teixeira,DEF,16,50,54.0,1.2,1.9199999999999993,2.0,7.2,10.08,3.8,0.10800000000000001,0.8399999999999999,0.6,0.0,0.0,0.0,1.0,0.0,4.6,1.6,3.0,2.8,38.0,2.2,,111,3.3,0.0,a,,,3.1,,True
418,Maguire,Harry Maguire,DEF,16,50,90.0,5.4,4.540000000000001,13.6,4.86,27.119999999999997,22.2,0.12400000000000003,1.248,1.0,0.0,0.2,0.4,1.0,0.4,10.6,2.0,8.6,3.4,38.0,2.2,,90,3.9,0.0,a,,,7.8,,True
419,Martinez,Lisandro Martínez,DEF,16,50,54.0,3.0,1.9,1.8,2.86,14.080000000000002,14.4,0.026000000000000002,0.784,0.6,0.0,0.0,0.4,0.4,0.0,5.0,1.2,3.8,2.2,38.0,1.6,,51,2.8,0.0,d,75.0,,0.7,Thigh injury - 75% chance of playing,True
420,Yoro,Leny Yoro,DEF,16,50,6.8,0.6,0.18,0.0,0.06,1.8800000000000001,1.4,0.0,0.08,0.0,0.0,0.0,0.0,0.2,0.0,1.0,0.2,0.8,0.0,38.0,2.2,,56,1.8,0.0,a,,,0.6,,True
421,Heaven,Ayden Heaven,DEF,16,45,36.0,0.6,0.5800000000000001,0.0,0.9199999999999999,4.88,4.4,0.002,0.46399999999999997,0.4,0.0,0.0,0.0,0.6,0.0,2.0,0.8,1.2,1.2,38.0,1.7,,42,2.5,0.0,a,,,0.4,,True
422,Mazraoui,Noussair Mazraoui,DEF,16,45,41.6,3.6,2.2399999999999998,0.8,9.939999999999998,11.559999999999999,13.8,0.010000000000000004,0.49000000000000005,0.4,0.0,0.0,0.4,0.2,0.6,4.8,1.2,3.6,2.8,38.0,1.7,,53,2.6,0.0,a,,,0.7,,True
423,Shaw,Luke Shaw,DEF,16,45,84.6,5.0,2.96,5.4,4.980000000000001,19.04,18.4,0.122,1.184,1.0,0.2,0.0,0.6,0.8,0.0,7.6,2.4,5.2,2.4,38.0,1.7,,113,3.0,0.0,a,,,24.6,,True
424,Amass,Harry Amass,DEF,16,40,0.0,0.0,0.0,0.0,0.0,0.0,0.0,0.0,0.0,0.0,0.0,0.0,0.0,0.0,0.0,0.0,0.0,0.0,0.0,38.0,1.0,,0,0.0,0.0,a,,,0.2,,True
425,Fredricson,Tyler Fredricson,DEF,16,40,0.0,0.0,0.0,0.0,0.0,0.0,0.0,0.0,0.0,0.0,0.0,0.0,0.0,0.0,0.0,0.0,0.0,0.0,0.0,38.0,1.0,,1,1.0,0.0,a,,,0.1,,True
426,B.Fernandes,Bruno Borges Fernandes,MID,16,120,90.0,7.2,12.180000000000001,19.0,70.12,32.519999999999996,32.6,0.6180000000000001,1.248,1.0,0.2,1.0,0.4,1.0,1.0,7.2,1.0,1.4,4.8,38.0,4.0,,235,6.7,0.0,a,,,48.6,,True
427,Mbeumo,Bryan Mbeumo,MID,16,80,62.8,4.4,5.859999999999999,24.2,18.240000000000002,16.200000000000006,14.4,0.8880000000000001,0.858,0.8,0.4,0.0,0.4,0.8,0.2,3.2,0.4,0.4,2.4,38.0,2.8,,148,4.5,0.0,a,,,16.7,,True
428,Cunha,Matheus Santos Carneiro da Cunha,MID,16,80,51.0,3.6,5.7,21.0,16.28,19.72,17.0,0.2740000000000001,0.752,0.6,0.4,0.0,0.2,0.8,0.4,4.8,0.8,1.2,2.8,38.0,2.8,,143,4.3,0.0,a,,,14.5,,True
429,Rashford,Marcus Rashford,MID,16,70,0.0,0.0,0.0,0.0,0.0,0.0,0.0,0.0,0.0,0.0,0.0,0.0,0.0,0.0,0.0,0.0,0.0,0.0,0.0,38.0,2.5,,0,0.0,0.0,a,,,1.5,,True
430,Mount,Mason Mount,MID,16,55,37.6,2.2,1.1,1.0,2.7,7.24,7.2,0.046,0.41600000000000004,0.4,0.0,0.0,0.4,0.2,0.0,7.2,1.8,2.2,3.2,38.0,2.0,,58,2.5,0.0,a,,,0.1,,True
431,Amad,Amad Diallo,MID,16,60,68.8,2.8,3.96,19.6,10.8,9.080000000000002,9.6,0.41200000000000003,1.064,0.8,0.0,0.2,0.4,0.8,0.2,4.4,0.6,1.2,2.6,38.0,2.1,,91,2.8,0.0,a,,,1.5,,True
432,Mainoo,Kobbie Mainoo,MID,16,55,90.0,4.8,4.5600000000000005,7.8,14.020000000000001,23.68,21.8,0.132,1.248,1.0,0.2,0.0,0.4,1.0,0.4,11.0,1.4,4.2,5.4,38.0,2.0,,73,2.6,0.0,a,,,1.3,,True
433,Ugarte,Manuel Ugarte Ribeiro,MID,16,50,0.0,0.0,0.0,0.0,0.0,0.0,0.0,0.0,0.0,0.0,0.0,0.0,0.0,0.0,0.0,0.0,0.0,0.0,0.0,38.0,0.0,,38,1.7,0.0,i,0.0,,0.0,Knee injury - Unknown return date,True
434,J.Fletcher,Jack Fletcher,MID,16,50,0.0,0.0,0.0,0.0,0.0,0.0,0.0,0.0,0.0,0.0,0.0,0.0,0.0,0.0,0.0,0.0,0.0,0.0,0.0,38.0,1.5,,3,1.0,0.0,a,,,0.0,,True
435,Lacey,Shea Lacey,MID,16,50,5.6,0.2,0.04,1.0,0.12,0.0,0.2,0.008,0.08,0.0,0.0,0.0,0.0,0.0,0.0,0.4,0.0,0.0,0.4,38.0,1.5,,3,1.0,0.0,a,,,0.1,,True
436,Collyer,Toby Collyer,MID,16,50,0.0,0.0,0.0,0.0,0.0,0.0,0.0,0.0,0.0,0.0,0.0,0.0,0.0,0.0,0.0,0.0,0.0,0.0,0.0,38.0,1.5,,0,0.0,0.0,a,,,0.0,,True
437,Bendito Mantato,Bendito Mantato,MID,16,45,0.0,0.0,0.0,0.0,0.0,0.0,0.0,0.0,0.0,0.0,0.0,0.0,0.0,0.0,0.0,0.0,0.0,0.0,0.0,38.0,1.0,,1,1.0,0.0,a,,,0.2,,True
438,Fletcher,Tyler Fletcher,MID,16,45,3.2,0.2,0.04,0.0,0.4,0.08,0.6,0.0,0.062,0.0,0.0,0.0,0.0,0.0,0.0,0.4,0.0,0.0,0.4,38.0,1.0,,2,1.0,0.0,a,,,0.3,,True
439,Šeško,Benjamin Sesko,FWD,16,70,26.4,2.6,3.2400000000000007,15.6,2.7800000000000002,13.959999999999999,12.2,0.3420000000000001,0.304,0.4,0.4,0.0,0.0,0.2,0.4,1.2,0.0,0.0,1.2,38.0,1.7,,111,3.7,0.0,d,75.0,,2.8,Shin injury - 75% chance of playing,True
440,Zirkzee,Joshua Zirkzee,FWD,16,55,19.0,0.8,1.52,10.0,3.1400000000000006,2.079999999999999,2.4,0.11599999999999999,0.356,0.2,0.0,0.0,0.2,0.0,0.0,1.2,0.2,0.4,0.6,38.0,1.8,,42,1.8,0.0,a,,,0.7,,True
441,Obi,Chido Obi,FWD,16,45,0.0,0.0,0.0,0.0,0.0,0.0,0.0,0.0,0.0,0.0,0.0,0.0,0.0,0.0,0.0,0.0,0.0,0.0,0.0,38.0,1.0,,0,0.0,0.0,a,,,1.2,,True
442,Pope,Nick Pope,GK,17,50,90.0,2.8,3.3199999999999994,0.0,0.0,33.04,15.6,0.0,1.176,1.0,0.0,0.0,0.0,1.2,0.0,0.0,0.0,0.6,10.0,38.0,2.6,,96,3.6,0.0,a,,,1.1,,True
443,Gillespie,Mark Gillespie,GK,17,45,0.0,0.0,0.0,0.0,0.0,0.0,0.0,0.0,0.0,0.0,0.0,0.0,0.0,0.0,0.0,0.0,0.0,0.0,0.0,38.0,1.9,,0,0.0,0.0,a,,,0.1,,True
444,Jaouen,Ewen Jaouen,GK,17,45,17.419354838709676,0.6903225806451613,0.4612903225806451,0.0,0.0,4.594838709677419,3.0129032258064514,0.00025806451612903227,0.27541935483870966,0.1935483870967742,0.0,0.0,0.05806451612903226,0.23225806451612904,0.025806451612903222,0.0,0.0064516129032258064,0.1870967741935484,1.4129032258064516,0.0,1.9,,0,0.0,0.0,a,,,0.1,,False
445,Thiaw,Malick Thiaw,DEF,17,50,90.0,1.8,3.0200000000000005,7.8,1.56,20.68,10.8,0.174,1.1760000000000002,1.0,0.0,0.0,0.0,1.2,0.0,7.0,1.8,5.2,3.4,38.0,2.2,,126,3.6,0.0,a,,,2.1,,True
446,Schär,Fabian Schär,DEF,17,50,0.0,0.0,0.0,0.0,0.0,0.0,0.0,0.0,0.0,0.0,0.0,0.0,0.0,0.0,0.0,0.0,0.0,0.0,0.0,38.0,2.2,,51,3.2,0.0,a,100.0,,0.2,,True
447,Botman,Sven Botman,DEF,17,50,90.0,3.8,4.220000000000001,5.4,2.68,33.96,14.8,0.132,1.1760000000000002,1.0,0.0,0.0,0.0,1.2,0.0,14.4,1.6,12.8,3.0,38.0,2.2,,89,3.6,0.0,a,,,0.4,,True
448,Burn,Dan Burn,DEF,17,50,73.6,2.8,3.7199999999999998,12.8,3.6799999999999997,20.560000000000002,10.8,0.06399999999999999,1.006,0.8,0.2,0.0,0.0,1.0,0.0,6.4,1.8,4.6,3.0,38.0,2.2,,93,3.2,0.0,a,,,2.7,,True
449,Hall,Lewis Hall,DEF,17,50,58.4,1.0,3.5,8.2,14.26,12.440000000000001,7.2,0.08,0.8760000000000001,0.6,0.0,0.0,0.0,0.8,0.0,4.0,1.0,3.0,3.0,38.0,2.2,,79,2.6,0.0,a,,,4.2,,True
450,Livramento,Tino Livramento,DEF,17,50,0.0,0.0,0.0,0.0,0.0,0.0,0.0,0.0,0.0,0.0,0.0,0.0,0.0,0.0,0.0,0.0,0.0,0.0,0.0,38.0,1.6,,59,3.5,0.0,d,75.0,,0.1,Calf injury - 75% chance of playing,True
451,A.Murphy,Alex Murphy,DEF,17,40,1.2,0.2,0.22000000000000003,0.4,0.12,1.6,0.8,0.0,0.044,0.0,0.0,0.0,0.0,0.0,0.0,0.6,0.0,0.6,0.0,38.0,1.0,,2,1.0,0.0,a,,,0.8,,True
452,Bruno G.,Bruno Guimarães Rodriguez Moura,MID,17,70,81.8,3.8,5.720000000000001,18.0,21.299999999999997,17.8,17.8,0.35,1.03,1.0,0.0,0.2,0.0,1.0,0.6,9.4,2.0,2.4,5.0,38.0,2.5,,154,5.3,0.0,a,,,8.3,,True
453,Barnes,Harvey Barnes,MID,17,60,38.8,4.0,4.979999999999999,15.4,13.820000000000002,20.4,15.6,0.242,0.528,0.2,0.4,0.2,0.0,0.6,0.2,1.4,0.0,0.2,1.2,38.0,2.1,,106,2.9,0.0,a,,,1.2,,True
454,Elanga,Anthony Elanga,MID,17,60,6.6,0.6,0.13999999999999999,1.2,0.24,0.2,1.6,0.048,0.13399999999999998,0.0,0.0,0.0,0.0,0.2,0.0,0.4,0.0,0.0,0.4,38.0,2.1,,48,1.5,0.0,a,,,0.7,,True
456,J.Ramsey,Jacob Ramsey,MID,17,50,60.0,4.0,3.6799999999999997,4.8,14.24,17.88,18.2,0.11199999999999999,0.754,0.6,0.0,0.4,0.0,1.0,0.4,7.6,2.8,1.0,3.8,38.0,1.5,,62,2.2,0.0,a,,,0.5,,True
457,J.Murphy,Jacob Murphy,MID,17,60,50.4,3.0,2.6399999999999992,4.6,11.219999999999999,10.520000000000001,9.8,0.052000000000000005,0.648,0.8,0.0,0.2,0.2,0.6,0.6,3.4,0.4,1.6,1.4,38.0,2.1,,82,2.5,0.0,a,,,0.2,,True
458,Joelinton,Joelinton Cássio Apolinário de Lira,MID,17,55,36.0,1.2,1.4200000000000004,3.6,6.74,3.959999999999998,4.6,0.09400000000000006,0.526,0.4,0.0,0.0,0.0,0.4,0.0,4.8,1.2,0.8,2.8,38.0,1.5,,73,2.7,0.0,d,75.0,,0.0,Thigh injury - 75% chance of playing,True
459,L.Miley,Lewis Miley,MID,17,55,36.0,0.8,0.9,0.4,3.0200000000000005,5.6,4.8,0.012,0.404,0.4,0.0,0.0,0.0,0.4,0.0,3.2,0.4,2.0,0.8,38.0,0.0,,72,3.1,0.0,i,0.0,,0.0,Leg injury - Expected back 30 Aug,True
460,Willock,Joe Willock,MID,17,50,55.8,2.0,4.0,18.4,11.6,9.84,10.4,0.176,0.7820000000000001,0.6,0.0,0.2,0.0,1.0,0.0,2.6,0.4,1.0,1.2,38.0,1.5,,38,1.6,0.0,a,,,0.1,,True
461,Touré,Bazoumana Touré,MID,17,60,47.87407407407407,2.548148148148148,3.3574074074074076,10.411111111111111,12.292592592592591,10.88888888888889,9.829629629629629,0.18355555555555558,0.7384814814814815,0.5333333333333333,0.12222222222222223,0.1,0.13703703703703704,0.7444444444444445,0.24074074074074073,3.6555555555555554,0.7481481481481481,0.8851851851851852,2.0407407407407407,0.0,2.1,,0,0.0,0.0,a,,,0.2,,False
462,Steur,Sean Steur,MID,17,50,29.446280991735538,1.3173553719008264,1.4985123966942149,3.4991735537190083,6.0142148760330585,5.479338842975206,5.80495867768595,0.06743801652892562,0.49214876033057847,0.3256198347107438,0.021487603305785124,0.05619834710743802,0.0628099173553719,0.4859504132231405,0.07603305785123966,2.9950413223140493,0.6347107438016528,0.8396694214876033,1.6082644628099174,0.0,1.5,,0,0.0,0.0,a,,,0.1,,False
463,Woltemade,Nick Woltemade,FWD,17,60,45.2,2.6,3.9400000000000004,6.6,21.500000000000004,11.44,12.6,0.176,0.5559999999999999,0.6,0.2,0.0,0.2,0.4,0.4,2.4,0.4,0.2,1.8,38.0,2.0,,108,3.3,0.0,a,,,1.7,,True
464,Wissa,Yoane Wissa,FWD,17,60,18.8,1.2,0.6799999999999999,4.8,2.18,0.8,1.2,0.238,0.394,0.0,0.0,0.2,0.0,0.4,0.0,0.6,0.4,0.0,0.2,38.0,2.0,,27,1.4,0.0,a,,,1.4,,True
465,Osula,William Osula,FWD,17,60,70.2,5.6,5.5600000000000005,23.4,10.4,21.72,22.4,0.5559999999999999,0.782,1.0,0.6,0.0,0.2,0.8,1.2,1.6,0.6,0.0,1.0,38.0,2.0,,76,3.2,0.0,a,,,1.8,,True
466,Neave,Sean Neave,FWD,17,45,2.6,0.2,0.1,1.0,0.0,0.0,0.4,0.006,0.074,0.0,0.0,0.0,0.0,0.2,0.0,0.0,0.0,0.0,0.0,38.0,1.0,,1,1.0,0.0,a,,,0.7,,True
559,Bamba,Aladji Bamba,MID,17,50,29.446280991735538,1.3173553719008264,1.4985123966942149,3.4991735537190083,6.0142148760330585,5.479338842975206,5.80495867768595,0.06743801652892562,0.49214876033057847,0.3256198347107438,0.021487603305785124,0.05619834710743802,0.0628099173553719,0.4859504132231405,0.07603305785123966,2.9950413223140493,0.6347107438016528,0.8396694214876033,1.6082644628099174,0.0,1.5,,0,0.0,0.0,a,,,0.1,,False
567,Horníček,Lukás Hornícek,GK,17,50,56.11764705882353,1.8352941176470587,1.6752941176470588,0.023529411764705882,0.4752941176470588,16.254117647058823,8.011764705882353,0.0023529411764705885,0.9396470588235294,0.6235294117647059,0.0,0.011764705882352941,0.0823529411764706,1.011764705882353,0.09411764705882353,0.0,0.023529411764705882,0.5647058823529412,5.094117647058824,0.0,2.6,,0,0.0,0.0,a,,,0.0,,False
467,Sels,Matz Sels,GK,18,50,90.0,4.6,3.5799999999999996,0.0,0.0,35.879999999999995,18.8,0.0,1.97,1.0,0.0,0.0,0.2,1.2,0.0,0.0,0.0,0.8,6.0,38.0,2.6,,105,3.4,0.0,a,,,1.4,,True
468,John,John Victor Maciel Furtado,GK,18,45,0.0,0.0,0.0,0.0,0.0,0.0,0.0,0.0,0.0,0.0,0.0,0.0,0.0,0.0,0.0,0.0,0.0,0.0,0.0,38.0,1.9,,11,2.2,0.0,a,,,0.1,,True
469,N.Williams,Neco Williams,DEF,18,50,81.0,2.2,3.6400000000000006,7.4,11.84,17.04,9.8,0.062,1.902,0.8,0.0,0.0,0.2,1.2,0.0,7.8,2.4,5.4,4.4,38.0,2.2,,128,3.5,0.0,a,,,13.2,,True
470,Morato,Felipe Rodrigues da Silva,DEF,18,50,80.0,3.4,3.7999999999999994,7.4,3.3200000000000003,27.24,8.4,0.11200000000000002,1.902,0.8,0.2,0.0,0.0,1.2,0.0,8.4,1.2,7.2,1.2,38.0,2.2,,53,2.5,0.0,a,,,0.1,,True
471,Milenković,Nikola Milenković,DEF,18,55,81.0,3.2,2.7399999999999998,2.4,5.02,20.16,9.6,0.048,1.7440000000000002,0.8,0.0,0.0,0.2,1.2,0.0,9.2,1.2,8.0,3.0,38.0,2.5,,119,3.1,0.0,a,,,2.2,,True
472,Murillo,Murillo Costa dos Santos,DEF,18,55,0.0,0.0,0.0,0.0,0.0,0.0,0.0,0.0,0.0,0.0,0.0,0.0,0.0,0.0,0.0,0.0,0.0,0.0,0.0,38.0,1.9,,83,3.3,0.0,d,75.0,,0.2,Muscle injury - 75% chance of playing,True
473,Aina,Ola Aina,DEF,18,45,18.0,1.8,0.38,0.2,0.18,3.4799999999999995,6.2,0.012,0.13999999999999999,0.2,0.0,0.2,0.2,0.0,0.0,1.8,0.8,1.0,0.2,38.0,1.7,,67,3.7,0.0,a,,,4.8,,True
474,Jair Cunha,Jair Paula da Cunha Filho,DEF,18,45,50.4,1.4,1.3800000000000001,3.8,2.56,7.2,4.8,0.038,0.916,0.8,0.0,0.0,0.0,0.4,0.0,4.2,1.0,3.2,1.8,38.0,1.7,,13,1.4,0.0,a,,,0.5,,True
475,Savona,Nicolò Savona,DEF,18,45,0.0,0.0,0.0,0.0,0.0,0.0,0.0,0.0,0.0,0.0,0.0,0.0,0.0,0.0,0.0,0.0,0.0,0.0,0.0,38.0,0.0,,39,2.8,0.0,i,0.0,,0.0,Knee injury - Unknown return date,True
476,O.Richards,Omar Richards,DEF,18,40,0.0,0.0,0.0,0.0,0.0,0.0,0.0,0.0,0.0,0.0,0.0,0.0,0.0,0.0,0.0,0.0,0.0,0.0,0.0,38.0,1.0,,0,0.0,0.0,a,,,0.2,,True
477,Abbott,Zach Abbott,DEF,18,40,9.0,0.2,0.0,0.0,0.02,0.0,0.4,0.0,0.068,0.2,0.0,0.0,0.0,0.0,0.0,0.6,0.4,0.2,0.4,38.0,1.0,,3,1.0,0.0,a,,,0.2,,True
478,Netz,Luca Netz,DEF,18,45,61.0,1.8,1.86,1.6,5.680000000000001,11.120000000000001,5.0,0.01,1.564,0.6,0.0,0.0,0.0,1.0,0.0,5.2,2.4,2.8,2.4,38.0,1.7,,11,1.6,0.0,a,,,0.0,,True
479,Bindon,Tyler Bindon,DEF,18,40,30.31111111111111,1.1901234567901235,1.1790123456790123,1.9753086419753085,3.4790123456790125,6.311111111111111,4.567901234567901,0.03967901234567901,0.48980246913580244,0.34074074074074073,0.019753086419753086,0.029629629629629627,0.07407407407407407,0.471604938271605,0.07407407407407407,2.180246913580247,0.6222222222222222,1.5382716049382716,1.1876543209876544,0.0,1.0,,0,0.0,0.0,a,,,0.2,,False
480,Gibbs-White,Morgan Gibbs-White,MID,18,80,58.0,6.6,7.18,23.2,15.540000000000001,33.12,23.0,0.43599999999999994,1.254,0.6,0.6,0.4,0.2,0.8,0.8,4.2,0.4,1.2,2.6,38.0,2.8,,188,5.1,0.0,a,,,11.8,,True
482,Hudson-Odoi,Callum Hudson-Odoi,MID,18,60,0.0,0.0,0.0,0.0,0.0,0.0,0.0,0.0,0.0,0.0,0.0,0.0,0.0,0.0,0.0,0.0,0.0,0.0,0.0,38.0,1.6,,88,2.9,0.0,d,75.0,,0.0,Thigh injury - 75% chance of playing,True
483,Ndoye,Dan Ndoye,MID,18,55,0.0,0.0,0.0,0.0,0.0,0.0,0.0,0.0,0.0,0.0,0.0,0.0,0.0,0.0,0.0,0.0,0.0,0.0,0.0,38.0,2.0,,50,2.1,0.0,a,,,0.6,,True
484,Hutchinson,Omari Hutchinson,MID,18,55,49.6,2.4,3.7600000000000002,8.8,18.32,10.2,10.0,0.178,1.084,0.6,0.0,0.2,0.2,1.0,0.0,3.8,0.6,1.0,2.2,38.0,2.0,,82,2.6,0.0,a,,,0.1,,True
485,Bakwa,Dilane Bakwa,MID,18,55,32.4,2.2,1.86,2.6,9.82,6.28,8.0,0.066,0.8,0.4,0.0,0.2,0.4,0.2,0.2,1.0,0.2,0.0,0.8,38.0,2.0,,26,1.9,0.0,a,,,0.0,,True
486,McAtee,James McAtee,MID,18,55,23.0,1.6,1.94,5.4,7.3,6.8,5.6,0.07,0.6279999999999999,0.2,0.0,0.2,0.0,0.2,0.0,3.8,0.6,1.0,2.2,38.0,2.0,,17,1.2,0.0,a,,,0.1,,True
487,Dominguez,Nicolás Domínguez,MID,18,50,45.8,1.0,1.6799999999999997,2.4,4.6000000000000005,9.760000000000002,8.2,0.094,0.9999999999999998,0.6,0.0,0.0,0.0,0.4,0.0,7.0,2.4,1.8,2.8,38.0,1.5,,48,1.8,0.0,a,,,0.1,,True
488,Sangaré,Ibrahim Sangaré,MID,18,50,25.8,1.2,0.8600000000000001,0.0,1.12,7.4,5.2,0.012000000000000021,0.5860000000000001,0.4,0.0,0.0,0.0,0.4,0.0,5.8,0.4,2.6,2.8,38.0,1.5,,89,3.2,0.0,a,,,0.5,,True
489,Yates,Ryan Yates,MID,18,45,36.6,1.0,1.44,3.4,2.88,8.080000000000002,4.2,0.084,0.702,0.2,0.0,0.0,0.0,0.4,0.0,5.4,1.0,3.4,1.0,38.0,1.0,,30,1.4,0.0,a,,,7.4,,True
490,Wood,Chris Wood,FWD,18,60,51.6,2.6,2.94,13.0,4.74,12.28,10.4,0.268,1.116,0.6,0.2,0.0,0.2,1.0,0.2,2.8,0.0,1.6,1.2,38.0,2.0,,41,2.7,0.0,a,,,1.8,,True
491,Igor Jesus,Igor Jesus Maciel da Cruz,FWD,18,60,73.2,4.8,6.319999999999999,28.0,10.8,24.32,19.4,0.312,1.534,1.0,0.4,0.4,0.2,1.0,0.6,5.2,0.6,1.2,3.4,38.0,2.0,,114,3.1,0.0,a,,,4.9,,True
492,Awoniyi,Taiwo Awoniyi,FWD,18,55,42.4,4.6,4.220000000000001,16.8,7.42,18.36,17.8,0.398,1.048,0.4,0.4,0.4,0.2,0.4,0.6,2.2,0.2,0.2,1.8,38.0,1.8,,43,2.5,0.0,a,,,0.4,,True
493,Kalimuendo,Arnaud Kalimuendo,FWD,18,55,0.0,0.0,0.0,0.0,0.0,0.0,0.0,0.0,0.0,0.0,0.0,0.0,0.0,0.0,0.0,0.0,0.0,0.0,0.0,38.0,1.8,,9,1.0,0.0,a,,,0.1,,True
558,Schlager,Xaver Schlager,MID,18,50,29.446280991735538,1.3173553719008264,1.4985123966942149,3.4991735537190083,6.0142148760330585,5.479338842975206,5.80495867768595,0.06743801652892562,0.49214876033057847,0.3256198347107438,0.021487603305785124,0.05619834710743802,0.0628099173553719,0.4859504132231405,0.07603305785123966,2.9950413223140493,0.6347107438016528,0.8396694214876033,1.6082644628099174,0.0,1.5,,0,0.0,0.0,a,,,0.1,,False
112,Van Hecke,Jan Paul van Hecke,DEF,19,50,90.0,3.4,3.18,8.6,5.0600000000000005,18.080000000000002,14.0,0.26,1.214,1.0,0.0,0.0,0.4,1.4,0.0,8.2,1.0,7.2,3.8,38.0,2.2,,148,4.1,0.0,a,,,8.2,,True
455,Tonali,Sandro Tonali,MID,19,55,64.4,1.2,2.92,5.0,14.740000000000004,9.36,11.8,0.10200000000000001,0.688,0.8,0.0,0.0,0.0,0.6,0.0,6.6,0.8,2.6,3.2,38.0,2.0,,81,2.3,0.0,a,,,3.9,,True
494,Vicario,Guglielmo Vicario,GK,19,45,0.0,0.0,0.0,0.0,0.0,0.0,0.0,0.0,0.0,0.0,0.0,0.0,0.0,0.0,0.0,0.0,0.0,0.0,0.0,38.0,1.9,,90,2.9,0.0,a,,,1.5,,True
495,Austin,Brandon Austin,GK,19,40,0.0,0.0,0.0,0.0,0.0,0.0,0.0,0.0,0.0,0.0,0.0,0.0,0.0,0.0,0.0,0.0,0.0,0.0,0.0,38.0,1.0,,0,0.0,0.0,a,,,0.6,,True
496,Kinsky,Antonín Kinský,GK,19,45,90.0,3.4,1.52,0.0,0.0,15.12,12.2,0.0,0.6799999999999999,1.0,0.0,0.0,0.4,0.8,0.0,0.0,0.0,0.8,3.6,38.0,1.9,,20,2.9,0.0,a,,,18.7,,True
497,Dubravka,Martin Dubravka,GK,19,40,36.0,1.2,1.8800000000000001,0.0,0.0,18.64,7.8,0.0,1.036,0.4,0.0,0.0,0.0,0.8,0.0,0.0,0.0,0.4,3.4,38.0,1.0,,96,2.7,0.0,a,,,24.6,,True
498,Senesi,Marcos Senesi Barón,DEF,19,60,90.0,6.4,4.220000000000001,4.0,9.16,29.0,21.4,0.13,1.29,1.0,0.0,0.4,0.4,0.8,0.6,9.4,1.2,8.2,4.4,38.0,2.8,,175,4.7,0.0,a,,,10.9,,True
499,Pedro Porro,Pedro Porro Sauceda,DEF,19,55,90.0,4.6,7.06,4.6,40.92,25.240000000000002,20.8,0.23199999999999998,0.6799999999999999,1.0,0.0,0.0,0.4,0.8,0.6,8.8,4.4,4.4,4.2,38.0,2.5,,117,3.4,0.0,a,,,23.9,,True
500,Romero,Cristian Romero,DEF,19,50,0.0,0.0,0.0,0.0,0.0,0.0,0.0,0.0,0.0,0.0,0.0,0.0,0.0,0.0,0.0,0.0,0.0,0.0,0.0,38.0,2.2,,91,4.0,0.0,a,,,1.1,,True
501,Danso,Kevin Danso,DEF,19,50,90.0,4.4,4.14,10.8,7.3,22.96,16.6,0.08,0.6799999999999999,1.0,0.0,0.0,0.4,0.8,0.0,9.8,1.2,8.6,1.8,38.0,2.2,,63,2.6,0.0,a,,,0.2,,True
502,Robertson,Andrew Robertson,DEF,19,45,45.2,2.0,2.6799999999999997,3.8,10.02,12.919999999999998,6.8,0.14800000000000002,1.0779999999999998,0.6,0.2,0.0,0.0,0.8,0.0,1.6,0.0,1.6,1.0,38.0,1.7,,55,2.3,0.0,a,,,1.8,,True
503,Van de Ven,Micky van de Ven,DEF,19,50,90.0,3.2,1.3800000000000003,1.6,0.7,11.399999999999999,15.6,0.01200000000000001,0.6799999999999999,1.0,0.0,0.0,0.4,0.8,0.0,4.0,1.0,3.0,3.8,38.0,2.2,,116,3.3,0.0,a,,,6.4,,True
505,Spence,Djed Spence,DEF,19,45,45.8,3.4,1.3599999999999999,7.0,1.5000000000000013,5.4,10.4,0.014000000000000002,0.36,0.4,0.0,0.0,0.4,0.2,0.4,2.2,1.0,1.2,2.4,38.0,1.7,,78,2.6,0.0,a,,,9.6,,True
506,Udogie,Destiny Udogie,DEF,19,45,66.2,2.2,1.6400000000000001,2.6,5.86,7.92,8.8,0.014000000000000002,0.41200000000000003,0.8,0.0,0.0,0.2,0.8,0.2,3.6,1.6,2.0,2.8,38.0,1.7,,29,1.4,0.0,a,,,0.4,,True
507,Phillips,Ashley Phillips,DEF,19,45,0.0,0.0,0.0,0.0,0.0,0.0,0.0,0.0,0.0,0.0,0.0,0.0,0.0,0.0,0.0,0.0,0.0,0.0,0.0,38.0,1.7,,0,0.0,0.0,a,,,0.1,,True
508,Davies,Ben Davies,DEF,19,40,0.0,0.0,0.0,0.0,0.0,0.0,0.0,0.0,0.0,0.0,0.0,0.0,0.0,0.0,0.0,0.0,0.0,0.0,0.0,38.0,1.0,,10,3.3,0.0,a,,,0.8,,True
509,Byfield,Jun'ai Byfield,DEF,19,40,0.0,0.0,0.0,0.0,0.0,0.0,0.0,0.0,0.0,0.0,0.0,0.0,0.0,0.0,0.0,0.0,0.0,0.0,0.0,38.0,1.0,,1,1.0,0.0,a,,,0.1,,True
510,Rowswell,James Rowswell,DEF,19,40,0.0,0.0,0.0,0.0,0.0,0.0,0.0,0.0,0.0,0.0,0.0,0.0,0.0,0.0,0.0,0.0,0.0,0.0,0.0,38.0,1.0,,1,1.0,0.0,a,,,0.1,,True
511,Souza,João Victor de Souza Menezes,DEF,19,40,0.0,0.0,0.0,0.0,0.0,0.0,0.0,0.0,0.0,0.0,0.0,0.0,0.0,0.0,0.0,0.0,0.0,0.0,0.0,38.0,1.0,,3,0.8,0.0,a,,,0.3,,True
512,Kudus,Mohammed Kudus,MID,19,65,0.0,0.0,0.0,0.0,0.0,0.0,0.0,0.0,0.0,0.0,0.0,0.0,0.0,0.0,0.0,0.0,0.0,0.0,0.0,38.0,1.7,,75,3.9,0.0,d,75.0,,0.2,Thigh injury - 75% chance of playing,True
513,Xavi,Xavi Simons,MID,19,60,12.4,0.6,0.9000000000000007,2.4,5.66,0.8400000000000001,2.0,0.03,0.052000000000000005,0.2,0.0,0.0,0.2,0.0,0.0,0.8,0.2,0.4,0.2,38.0,0.0,,80,2.9,0.0,i,0.0,,0.0,Knee injury - Unknown return date,True
514,Tel,Mathys Tel,MID,19,60,76.2,4.0,5.64,11.6,27.620000000000005,16.919999999999998,12.8,0.27199999999999996,0.546,0.8,0.2,0.2,0.4,0.6,0.4,6.2,0.6,1.8,3.8,38.0,2.1,,78,2.5,0.0,a,,,0.4,,True
515,Maddison,James Maddison,MID,19,65,6.8,0.6,0.56,3.0,1.9,0.5599999999999999,1.0,0.054000000000000006,0.13,0.0,0.0,0.0,0.0,0.0,0.0,1.0,0.2,0.0,0.8,38.0,2.3,,3,1.0,0.0,a,,,2.1,,True
516,Bentancur,Rodrigo Bentancur,MID,19,55,81.4,3.6,2.86,7.2,7.460000000000001,13.88,15.2,0.08399999999999999,0.518,1.0,0.0,0.0,0.6,0.6,0.2,11.8,3.0,3.6,5.2,38.0,2.0,,86,3.3,0.0,a,,,0.1,,True
517,Odobert,Wilson Odobert,MID,19,55,0.0,0.0,0.0,0.0,0.0,0.0,0.0,0.0,0.0,0.0,0.0,0.0,0.0,0.0,0.0,0.0,0.0,0.0,0.0,38.0,0.0,,46,1.9,0.0,i,0.0,,0.0,Knee injury - Unknown return date,True
518,P.M.Sarr,Pape Matar Sarr,MID,19,50,7.8,1.0,1.24,0.8,7.340000000000001,4.24,4.0,0.032000000000000015,0.092,0.0,0.0,0.2,0.0,0.2,0.0,0.6,0.0,0.4,0.2,38.0,1.5,,71,2.7,0.0,a,,,0.4,,True
519,Gallagher,Conor Gallagher,MID,19,55,88.2,4.0,4.02,9.2,14.24,16.68,17.0,0.154,0.618,1.0,0.2,0.0,0.4,0.8,0.6,10.2,2.4,1.6,6.2,38.0,2.0,,44,2.8,0.0,a,,,0.2,,True
520,Bergvall,Lucas Bergvall,MID,19,55,7.4,0.6,0.16,1.2,0.28000000000000036,0.2,2.2,0.01,0.156,0.0,0.0,0.0,0.0,0.2,0.0,0.4,0.2,0.0,0.2,38.0,2.0,,49,2.1,0.0,a,,,0.2,,True
521,Kulusevski,Dejan Kulusevski,MID,19,65,0.0,0.0,0.0,0.0,0.0,0.0,0.0,0.0,0.0,0.0,0.0,0.0,0.0,0.0,0.0,0.0,0.0,0.0,0.0,38.0,0.0,,0,0.0,0.0,i,0.0,,0.0,Knee injury - Unknown return date,True
522,Gray,Archie Gray,MID,19,50,1.6,0.2,0.04,0.0,0.0,0.44000000000000006,0.4,0.0,0.05,0.0,0.0,0.0,0.0,0.0,0.0,0.2,0.0,0.2,0.0,38.0,1.5,,61,2.5,0.0,a,,,0.2,,True
523,Moore,Mikey Moore,MID,19,50,0.0,0.0,0.0,0.0,0.0,0.0,0.0,0.0,0.0,0.0,0.0,0.0,0.0,0.0,0.0,0.0,0.0,0.0,0.0,38.0,1.5,,0,0.0,0.0,a,,,0.1,,True
524,Olusesi,Callum Olusesi,MID,19,45,0.0,0.0,0.0,0.0,0.0,0.0,0.0,0.0,0.0,0.0,0.0,0.0,0.0,0.0,0.0,0.0,0.0,0.0,0.0,38.0,1.0,,1,1.0,0.0,a,,,0.9,,True
525,Fernandes,Mateus Fernandes,MID,19,60,47.87407407407407,2.548148148148148,3.3574074074074076,10.411111111111111,12.292592592592591,10.88888888888889,9.829629629629629,0.18355555555555558,0.7384814814814815,0.5333333333333333,0.12222222222222223,0.1,0.13703703703703704,0.7444444444444445,0.24074074074074073,3.6555555555555554,0.7481481481481481,0.8851851851851852,2.0407407407407407,0.0,2.1,,135,3.8,0.0,a,,,3.7,,False
526,Solanke,Dominic Solanke-Mitchell,FWD,19,60,7.8,0.2,0.45999999999999996,1.6,0.72,2.32,1.8,0.018,0.026000000000000002,0.2,0.0,0.0,0.0,0.0,0.0,1.6,0.6,0.4,0.6,38.0,2.0,,40,2.7,0.0,a,,,2.6,,True
527,Richarlison,Richarlison de Andrade,FWD,19,60,78.4,4.8,6.320000000000001,30.6,9.66,22.8,15.8,0.46399999999999997,0.5940000000000001,0.8,0.4,0.2,0.4,0.6,0.8,5.0,1.2,1.8,2.0,38.0,2.0,,119,3.7,0.0,a,,,1.9,,True
528,Scarlett,Dane Scarlett,FWD,19,45,0.0,0.0,0.0,0.0,0.0,0.0,0.0,0.0,0.0,0.0,0.0,0.0,0.0,0.0,0.0,0.0,0.0,0.0,0.0,38.0,1.0,,2,1.0,0.0,a,,,1.7,,True
529,Roefs,Robin Roefs,GK,20,50,90.0,2.8,2.2600000000000002,0.0,2.0,20.439999999999998,11.6,0.0,1.074,1.0,0.0,0.0,0.2,1.6,0.0,0.0,0.0,0.8,7.2,38.0,2.6,,136,3.9,0.0,a,,,5.3,,True
530,Patterson,Anthony Patterson,GK,20,40,0.0,0.0,0.0,0.0,0.0,0.0,0.0,0.0,0.0,0.0,0.0,0.0,0.0,0.0,0.0,0.0,0.0,0.0,0.0,38.0,1.0,,0,0.0,0.0,a,,,1.1,,True
531,Ellborg,Melker Ellborg,GK,20,45,0.0,0.0,0.0,0.0,0.0,0.0,0.0,0.0,0.0,0.0,0.0,0.0,0.0,0.0,0.0,0.0,0.0,0.0,0.0,38.0,1.9,,16,5.3,0.0,a,,,0.1,,True
532,Ballard,Daniel Ballard,DEF,20,50,22.6,-0.4,0.7800000000000006,3.4,0.5400000000000007,3.839999999999997,-3.8,0.018,0.21999999999999992,0.4,0.0,0.0,0.0,1.2,0.0,1.6,0.2,1.4,0.2,38.0,2.2,,116,4.0,0.0,a,,,3.4,,True
533,Mukiele,Nordi Mukiele,DEF,20,55,90.0,4.6,4.8,15.2,9.54,23.24,12.6,0.17800000000000002,1.074,1.0,0.2,0.0,0.2,1.6,0.2,7.2,1.4,5.8,4.4,38.0,2.5,,151,4.7,0.0,a,,,7.7,,True
534,Hume,Trai Hume,DEF,20,45,83.6,3.0,5.08,7.6,23.939999999999998,19.080000000000002,10.4,0.13799999999999998,0.8859999999999999,1.0,0.2,0.0,0.2,1.6,0.0,4.2,1.2,3.0,2.8,38.0,1.7,,110,2.9,0.0,a,,,2.0,,True
535,Alderete,Omar Alderete,DEF,20,50,58.4,2.6,1.8800000000000003,9.2,0.4600000000000003,9.08,4.4,0.055999999999999994,0.6940000000000001,0.8,0.0,0.0,0.2,1.2,0.0,5.6,0.6,5.0,1.8,38.0,2.2,,125,3.8,0.0,a,,,1.2,,True
536,Reinildo,Reinildo Mandava,DEF,20,45,77.2,3.0,1.6600000000000006,0.0,3.7,12.920000000000002,14.8,0.026000000000000002,0.7979999999999998,0.8,0.0,0.0,0.2,0.8,0.0,6.0,1.6,4.4,3.6,38.0,1.7,,74,3.0,0.0,a,,,0.5,,True
537,Seelt,Jenson Seelt,DEF,20,45,0.0,0.0,0.0,0.0,0.0,0.0,0.0,0.0,0.0,0.0,0.0,0.0,0.0,0.0,0.0,0.0,0.0,0.0,0.0,38.0,1.7,,2,1.0,0.0,a,,,0.0,,True
538,Hjelde,Leo Fuhr Hjelde,DEF,20,40,0.0,0.0,0.0,0.0,0.0,0.0,0.0,0.0,0.0,0.0,0.0,0.0,0.0,0.0,0.0,0.0,0.0,0.0,0.0,38.0,1.0,,0,0.0,0.0,a,,,0.3,,True
539,O'Nien,Luke O'Nien,DEF,20,40,31.4,2.0,2.0,5.6,4.2,10.080000000000002,6.4,0.028000000000000004,0.38,0.2,0.0,0.2,0.0,0.4,0.2,3.0,0.4,2.6,0.2,38.0,1.0,,26,2.2,0.0,a,,,2.3,,True
540,Masuaku,Arthur Masuaku,DEF,20,40,0.0,0.0,0.0,0.0,0.0,0.0,0.0,0.0,0.0,0.0,0.0,0.0,0.0,0.0,0.0,0.0,0.0,0.0,0.0,38.0,1.0,,1,0.3,0.0,a,,,1.4,,True
541,Meunier,Thomas Meunier,DEF,20,45,30.31111111111111,1.1901234567901235,1.1790123456790123,1.9753086419753085,3.4790123456790125,6.311111111111111,4.567901234567901,0.03967901234567901,0.48980246913580244,0.34074074074074073,0.019753086419753086,0.029629629629629627,0.07407407407407407,0.471604938271605,0.07407407407407407,2.180246913580247,0.6222222222222222,1.5382716049382716,1.1876543209876544,0.0,1.7,,0,0.0,0.0,a,,,0.5,,False
542,E.Le Fée,Enzo Le Fée,MID,20,60,90.0,5.4,7.980000000000001,18.6,34.54,26.52,24.4,0.46799999999999997,1.0739999999999998,1.0,0.2,0.2,0.2,1.6,1.2,9.8,3.2,1.4,5.2,38.0,2.1,,147,4.1,0.0,a,,,12.3,,True
543,Diarra,Habib Diarra,MID,20,55,24.8,1.2,1.6,5.4,6.959999999999999,4.5200000000000005,4.0,0.10200000000000001,0.398,0.2,0.0,0.2,0.0,0.8,0.0,1.8,0.2,0.0,1.6,38.0,2.0,,65,3.2,0.0,a,,,0.1,,True
544,Xhaka,Granit Xhaka,MID,20,55,90.0,3.6,4.16,1.8,20.659999999999997,19.2,18.4,0.278,1.074,1.0,0.0,0.2,0.2,1.6,0.6,10.8,1.4,2.6,6.8,38.0,2.0,,124,3.6,0.0,a,,,6.0,,True
545,Sadiki,Noah Sadiki,MID,20,50,83.4,2.4,2.84,8.0,14.180000000000001,5.92,11.2,0.186,0.884,1.0,0.0,0.0,0.2,1.6,0.0,6.4,0.2,1.4,4.8,38.0,1.5,,80,2.4,0.0,a,,,0.4,,True
546,Adingra,Simon Adingra,MID,20,50,0.0,0.0,0.0,0.0,0.0,0.0,0.0,0.0,0.0,0.0,0.0,0.0,0.0,0.0,0.0,0.0,0.0,0.0,0.0,38.0,1.5,,34,2.4,0.0,a,,,0.3,,True
547,Mundle,Romaine Mundle,MID,20,50,0.0,0.0,0.0,0.0,0.0,0.0,0.0,0.0,0.0,0.0,0.0,0.0,0.0,0.0,0.0,0.0,0.0,0.0,0.0,38.0,1.5,,14,1.0,0.0,a,,,0.0,,True
548,Rigg,Chris Rigg,MID,20,50,11.8,1.2,1.1800000000000004,4.2,2.66,4.92,4.2,0.03600000000000001,0.292,0.2,0.0,0.2,0.0,0.8,0.0,0.6,0.0,0.6,0.0,38.0,1.5,,36,2.0,0.0,a,,,0.1,,True
549,Talbi,Chemsdine Talbi,MID,20,55,39.6,1.2,1.08,5.6,2.96,2.16,3.0,0.06999999999999999,0.548,0.4,0.0,0.0,0.2,0.2,0.0,2.2,0.4,0.2,1.6,38.0,2.0,,83,3.0,0.0,a,,,0.2,,True
550,Jocelin.T,Djiamgone Jocelin Ta Bi,MID,20,50,0.0,0.0,0.0,0.0,0.0,0.0,0.0,0.0,0.0,0.0,0.0,0.0,0.0,0.0,0.0,0.0,0.0,0.0,0.0,38.0,1.5,,1,1.0,0.0,a,,,0.0,,True
551,Angulo,Nilson Angulo,MID,20,50,29.4,0.8,1.04,5.4,3.2,1.8399999999999999,3.2,0.064,0.322,0.4,0.0,0.0,0.0,0.4,0.0,2.4,0.6,1.2,0.6,38.0,1.5,,13,1.6,0.0,a,,,0.1,,True
552,Brobbey,Brian Brobbey,FWD,20,60,77.4,3.4,4.84,25.2,13.080000000000002,10.8,10.6,0.33799999999999997,0.8680000000000001,1.0,0.2,0.2,0.2,1.6,0.2,2.6,0.4,1.2,1.0,38.0,2.0,,92,3.0,0.0,a,,,20.8,,True
553,Isidor,Wilson Isidor,FWD,20,55,17.0,1.6,1.8,8.6,1.22,8.24,8.4,0.10600000000000002,0.242,0.0,0.2,0.0,0.0,0.2,0.0,1.4,0.4,0.2,0.8,38.0,1.8,,74,2.3,0.0,a,,,1.2,,True
